job_name,company_name,salary_low,salary_high,location,experience,education,company_size,industry,description
数据运营,招商银行,8,19,宝安区,应届生,大专,1000-9999人,电子商务,负责业务数据的采集与清洗，输出分析报告与数据看板，支撑运营决策。 要求熟练使用 数据仓库、可视化。
数据分析实习生,华润置地,10,19,南山区,1-3年,本科,1000-9999人,互联网,负责业务数据的采集与清洗，输出分析报告与数据看板，支撑运营决策。 要求熟练使用 机器学习、A/B测试、数据挖掘、Python、Tableau。
数据分析实习生,招商银行,10,16,龙华区,应届生,本科,100-499人,电子商务,负责业务数据的采集与清洗，输出分析报告与数据看板，支撑运营决策。 要求熟练使用 FineBI、数据挖掘、SQL、A/B测试。
BI分析师,顺丰速运,16,26,龙华区,1-3年,本科,0-20人,人工智能,负责业务数据的采集与清洗，输出分析报告与数据看板，支撑运营决策。 要求熟练使用 爬虫、Excel、机器学习。
商业分析,智联科技,10,15,龙华区,应届生,本科,500-999人,医疗健康,负责业务数据的采集与清洗，输出分析报告与数据看板，支撑运营决策。 要求熟练使用 FineBI、Tableau。
商业分析,大疆创新,14,27,罗湖区,5-10年,本科,500-999人,人工智能,负责业务数据的采集与清洗，输出分析报告与数据看板，支撑运营决策。 要求熟练使用 SQL、机器学习、FineBI、Spark。
BI分析师,深蓝信息,12,24,龙华区,经验不限,本科,1000-9999人,金融,负责业务数据的采集与清洗，输出分析报告与数据看板，支撑运营决策。 要求熟练使用 NumPy、数据挖掘、FineBI、机器学习、数据仓库。
商业分析,比亚迪,12,20,宝安区,5-10年,大专,100-499人,通信,负责业务数据的采集与清洗，输出分析报告与数据看板，支撑运营决策。 要求熟练使用 Pandas、NumPy。
数据分析师,大疆创新,11,18,光明区,1-3年,本科,100-499人,电子商务,负责业务数据的采集与清洗，输出分析报告与数据看板，支撑运营决策。 要求熟练使用 Pandas、ETL。
数据运营,大疆创新,11,16,龙岗区,1-3年,硕士,1000-9999人,通信,负责业务数据的采集与清洗，输出分析报告与数据看板，支撑运营决策。 要求熟练使用 Hive、Tableau、FineBI、Pandas。
数据产品经理,华润置地,9,19,宝安区,应届生,本科,100-499人,医疗健康,负责业务数据的采集与清洗，输出分析报告与数据看板，支撑运营决策。 要求熟练使用 FineBI、Spark。
数据挖掘工程师,星辰互联网,12,25,罗湖区,经验不限,本科,500-999人,金融,负责业务数据的采集与清洗，输出分析报告与数据看板，支撑运营决策。 要求熟练使用 Excel、MySQL。
数据分析实习生,平安科技,9,15,盐田区,5-10年,本科,100-499人,教育,负责业务数据的采集与清洗，输出分析报告与数据看板，支撑运营决策。 要求熟练使用 PowerBI、ETL、FineBI、爬虫、统计分析。
BI分析师,中兴通讯,7,13,福田区,经验不限,大专,0-20人,物流,负责业务数据的采集与清洗，输出分析报告与数据看板，支撑运营决策。 要求熟练使用 数据仓库、机器学习、Python。
数据分析师,深蓝信息,10,19,南山区,3-5年,大专,20-99人,互联网,负责业务数据的采集与清洗，输出分析报告与数据看板，支撑运营决策。 要求熟练使用 PowerBI、ETL、NumPy、MySQL、机器学习。
数据分析师,华为技术,8,10,光明区,1-3年,本科,1000-9999人,教育,负责业务数据的采集与清洗，输出分析报告与数据看板，支撑运营决策。 要求熟练使用 Pandas、SQL。
数据挖掘工程师,华为技术,14,29,宝安区,应届生,本科,20-99人,金融,负责业务数据的采集与清洗，输出分析报告与数据看板，支撑运营决策。 要求熟练使用 数据挖掘、A/B测试、机器学习。
数据挖掘工程师,极光智能,7,16,坪山区,应届生,本科,100-499人,医疗健康,负责业务数据的采集与清洗，输出分析报告与数据看板，支撑运营决策。 要求熟练使用 Excel、机器学习。
数据分析实习生,极光智能,13,21,光明区,3-5年,本科,0-20人,互联网,负责业务数据的采集与清洗，输出分析报告与数据看板，支撑运营决策。 要求熟练使用 数据挖掘、A/B测试、爬虫、可视化、MySQL。
数据分析师,万科集团,12,19,坪山区,应届生,本科,20-99人,互联网,负责业务数据的采集与清洗，输出分析报告与数据看板，支撑运营决策。 要求熟练使用 Hive、FineBI、Tableau、SQL、Excel。
数据分析师,智联科技,7,17,宝安区,1-3年,硕士,500-999人,医疗健康,负责业务数据的采集与清洗，输出分析报告与数据看板，支撑运营决策。 要求熟练使用 FineBI、Excel。
BI分析师,比亚迪,16,27,罗湖区,经验不限,本科,20-99人,金融,负责业务数据的采集与清洗，输出分析报告与数据看板，支撑运营决策。 要求熟练使用 NumPy、爬虫、A/B测试、Spark、Excel。
数据分析师,华为技术,14,22,坪山区,经验不限,本科,10000人以上,互联网,负责业务数据的采集与清洗，输出分析报告与数据看板，支撑运营决策。 要求熟练使用 机器学习、Hadoop。
BI分析师,云帆数据,12,22,罗湖区,1-3年,博士,500-999人,软件服务,负责业务数据的采集与清洗，输出分析报告与数据看板，支撑运营决策。 要求熟练使用 ETL、爬虫。
数据运营,华为技术,6,12,福田区,1-3年,本科,100-499人,制造,负责业务数据的采集与清洗，输出分析报告与数据看板，支撑运营决策。 要求熟练使用 Spark、PowerBI、数据挖掘。
数据分析师,华为技术,14,29,光明区,3-5年,大专,100-499人,金融,负责业务数据的采集与清洗，输出分析报告与数据看板，支撑运营决策。 要求熟练使用 数据挖掘、Tableau、A/B测试。
数据分析师,华为技术,16,30,福田区,5-10年,本科,20-99人,人工智能,负责业务数据的采集与清洗，输出分析报告与数据看板，支撑运营决策。 要求熟练使用 Hadoop、数据仓库。
数据分析师,顺丰速运,16,27,龙华区,3-5年,本科,1000-9999人,人工智能,负责业务数据的采集与清洗，输出分析报告与数据看板，支撑运营决策。 要求熟练使用 PowerBI、机器学习、Pandas、Hadoop。
数据产品经理,平安科技,8,13,宝安区,3-5年,博士,1000-9999人,教育,负责业务数据的采集与清洗，输出分析报告与数据看板，支撑运营决策。 要求熟练使用 Python、Tableau、Spark、可视化、机器学习。
数据挖掘工程师,腾讯科技,9,19,盐田区,经验不限,硕士,100-499人,软件服务,负责业务数据的采集与清洗，输出分析报告与数据看板，支撑运营决策。 要求熟练使用 机器学习、FineBI、Python、PowerBI。
数据分析师,星辰互联网,14,29,罗湖区,1-3年,本科,500-999人,金融,负责业务数据的采集与清洗，输出分析报告与数据看板，支撑运营决策。 要求熟练使用 Python、Pandas、数据挖掘、Tableau。
数据分析师,万科集团,15,26,光明区,经验不限,本科,100-499人,人工智能,负责业务数据的采集与清洗，输出分析报告与数据看板，支撑运营决策。 要求熟练使用 统计分析、数据仓库。
商业分析,腾讯科技,10,23,坪山区,3-5年,本科,1000-9999人,互联网,负责业务数据的采集与清洗，输出分析报告与数据看板，支撑运营决策。 要求熟练使用 Hadoop、可视化、Excel。
数据运营,智联科技,8,15,福田区,1-3年,本科,100-499人,制造,负责业务数据的采集与清洗，输出分析报告与数据看板，支撑运营决策。 要求熟练使用 Spark、统计分析、爬虫、NumPy、PowerBI。
数据产品经理,深蓝信息,15,28,龙岗区,1-3年,本科,100-499人,金融,负责业务数据的采集与清洗，输出分析报告与数据看板，支撑运营决策。 要求熟练使用 爬虫、FineBI。
数据产品经理,比亚迪,14,22,盐田区,1-3年,本科,100-499人,互联网,负责业务数据的采集与清洗，输出分析报告与数据看板，支撑运营决策。 要求熟练使用 Excel、爬虫、Hive。
数据分析师,极光智能,12,16,宝安区,1-3年,本科,20-99人,电子商务,负责业务数据的采集与清洗，输出分析报告与数据看板，支撑运营决策。 要求熟练使用 SQL、机器学习。
数据挖掘工程师,华为技术,9,16,盐田区,1-3年,本科,20-99人,物流,负责业务数据的采集与清洗，输出分析报告与数据看板，支撑运营决策。 要求熟练使用 MySQL、统计分析、机器学习、NumPy、Python。
商业分析,招商银行,6,17,龙岗区,3-5年,本科,100-499人,制造,负责业务数据的采集与清洗，输出分析报告与数据看板，支撑运营决策。 要求熟练使用 Pandas、A/B测试、NumPy。
BI分析师,比亚迪,9,13,盐田区,1-3年,本科,100-499人,教育,负责业务数据的采集与清洗，输出分析报告与数据看板，支撑运营决策。 要求熟练使用 Tableau、MySQL、A/B测试、数据挖掘、机器学习。
数据挖掘工程师,华润置地,9,19,盐田区,1-3年,本科,20-99人,医疗健康,负责业务数据的采集与清洗，输出分析报告与数据看板，支撑运营决策。 要求熟练使用 机器学习、数据挖掘、Spark、ETL。
数据分析实习生,招商银行,6,12,光明区,1-3年,本科,20-99人,制造,负责业务数据的采集与清洗，输出分析报告与数据看板，支撑运营决策。 要求熟练使用 Spark、ETL、A/B测试、可视化、SQL。
数据挖掘工程师,万科集团,13,21,南山区,3-5年,本科,100-499人,互联网,负责业务数据的采集与清洗，输出分析报告与数据看板，支撑运营决策。 要求熟练使用 Hadoop、爬虫。
数据产品经理,云帆数据,12,20,坪山区,3-5年,硕士,100-499人,通信,负责业务数据的采集与清洗，输出分析报告与数据看板，支撑运营决策。 要求熟练使用 可视化、MySQL、Python、统计分析。
数据分析实习生,极光智能,12,21,盐田区,3-5年,博士,100-499人,软件服务,负责业务数据的采集与清洗，输出分析报告与数据看板，支撑运营决策。 要求熟练使用 数据仓库、FineBI、Python、Excel、可视化。
数据分析师,顺丰速运,13,19,光明区,经验不限,本科,100-499人,互联网,负责业务数据的采集与清洗，输出分析报告与数据看板，支撑运营决策。 要求熟练使用 数据挖掘、可视化、FineBI、Excel、MySQL。
数据运营,招商银行,14,18,福田区,3-5年,本科,1000-9999人,互联网,负责业务数据的采集与清洗，输出分析报告与数据看板，支撑运营决策。 要求熟练使用 PowerBI、Python、NumPy。
数据分析师,万科集团,12,21,宝安区,1-3年,本科,100-499人,软件服务,负责业务数据的采集与清洗，输出分析报告与数据看板，支撑运营决策。 要求熟练使用 Tableau、爬虫。
BI分析师,智联科技,10,20,光明区,1-3年,本科,20-99人,互联网,负责业务数据的采集与清洗，输出分析报告与数据看板，支撑运营决策。 要求熟练使用 Pandas、爬虫、FineBI。
数据分析师,比亚迪,9,15,坪山区,1-3年,本科,100-499人,教育,负责业务数据的采集与清洗，输出分析报告与数据看板，支撑运营决策。 要求熟练使用 Python、可视化、MySQL、Pandas。
数据挖掘工程师,中兴通讯,14,28,龙岗区,1-3年,本科,10000人以上,金融,负责业务数据的采集与清洗，输出分析报告与数据看板，支撑运营决策。 要求熟练使用 FineBI、ETL、MySQL、A/B测试。
数据运营,极光智能,16,25,宝安区,3-5年,大专,1000-9999人,金融,负责业务数据的采集与清洗，输出分析报告与数据看板，支撑运营决策。 要求熟练使用 A/B测试、数据仓库、统计分析。
数据运营,平安科技,12,22,盐田区,经验不限,本科,100-499人,软件服务,负责业务数据的采集与清洗，输出分析报告与数据看板，支撑运营决策。 要求熟练使用 ETL、Python、Hive、PowerBI。
BI分析师,星辰互联网,13,21,宝安区,1-3年,本科,100-499人,互联网,负责业务数据的采集与清洗，输出分析报告与数据看板，支撑运营决策。 要求熟练使用 Excel、爬虫。
数据产品经理,万科集团,10,18,龙华区,1-3年,本科,100-499人,软件服务,负责业务数据的采集与清洗，输出分析报告与数据看板，支撑运营决策。 要求熟练使用 Hadoop、A/B测试、数据挖掘、爬虫。
数据分析实习生,比亚迪,9,21,福田区,1-3年,硕士,500-999人,软件服务,负责业务数据的采集与清洗，输出分析报告与数据看板，支撑运营决策。 要求熟练使用 PowerBI、MySQL、数据挖掘。
数据运营,华为技术,13,20,宝安区,经验不限,本科,100-499人,通信,负责业务数据的采集与清洗，输出分析报告与数据看板，支撑运营决策。 要求熟练使用 数据挖掘、SQL、数据仓库。
数据挖掘工程师,星辰互联网,14,31,盐田区,应届生,大专,100-499人,人工智能,负责业务数据的采集与清洗，输出分析报告与数据看板，支撑运营决策。 要求熟练使用 A/B测试、Spark、Tableau、SQL、数据挖掘。
数据挖掘工程师,华为技术,9,11,光明区,1-3年,本科,500-999人,制造,负责业务数据的采集与清洗，输出分析报告与数据看板，支撑运营决策。 要求熟练使用 NumPy、数据仓库、爬虫。
BI分析师,星辰互联网,11,18,光明区,1-3年,本科,20-99人,互联网,负责业务数据的采集与清洗，输出分析报告与数据看板，支撑运营决策。 要求熟练使用 A/B测试、FineBI、爬虫、可视化、ETL。
数据产品经理,华为技术,13,30,宝安区,1-3年,本科,20-99人,人工智能,负责业务数据的采集与清洗，输出分析报告与数据看板，支撑运营决策。 要求熟练使用 Tableau、ETL、Excel。
数据产品经理,万科集团,13,21,盐田区,经验不限,本科,1000-9999人,互联网,负责业务数据的采集与清洗，输出分析报告与数据看板，支撑运营决策。 要求熟练使用 Excel、机器学习、数据挖掘、PowerBI、可视化。
数据分析实习生,深蓝信息,11,23,罗湖区,3-5年,大专,20-99人,互联网,负责业务数据的采集与清洗，输出分析报告与数据看板，支撑运营决策。 要求熟练使用 FineBI、数据仓库、爬虫、A/B测试。
商业分析,顺丰速运,12,23,坪山区,1-3年,本科,500-999人,互联网,负责业务数据的采集与清洗，输出分析报告与数据看板，支撑运营决策。 要求熟练使用 Spark、数据挖掘、Python、Excel、机器学习。
数据分析师,星辰互联网,9,14,罗湖区,1-3年,本科,20-99人,物流,负责业务数据的采集与清洗，输出分析报告与数据看板，支撑运营决策。 要求熟练使用 数据挖掘、Tableau、可视化、MySQL、Excel。
数据运营,智联科技,15,25,福田区,3-5年,本科,500-999人,金融,负责业务数据的采集与清洗，输出分析报告与数据看板，支撑运营决策。 要求熟练使用 统计分析、ETL、SQL、A/B测试。
数据分析师,星辰互联网,12,20,光明区,3-5年,硕士,0-20人,互联网,负责业务数据的采集与清洗，输出分析报告与数据看板，支撑运营决策。 要求熟练使用 可视化、SQL、PowerBI、Hive、Hadoop。
商业分析,星辰互联网,11,19,南山区,经验不限,本科,10000人以上,电子商务,负责业务数据的采集与清洗，输出分析报告与数据看板，支撑运营决策。 要求熟练使用 MySQL、Pandas、Python、机器学习、Tableau。
商业分析,华为技术,9,20,宝安区,5-10年,硕士,100-499人,软件服务,负责业务数据的采集与清洗，输出分析报告与数据看板，支撑运营决策。 要求熟练使用 NumPy、MySQL。
数据产品经理,顺丰速运,8,15,光明区,3-5年,博士,20-99人,制造,负责业务数据的采集与清洗，输出分析报告与数据看板，支撑运营决策。 要求熟练使用 统计分析、PowerBI、Hive。
数据分析师,顺丰速运,10,22,光明区,经验不限,本科,100-499人,通信,负责业务数据的采集与清洗，输出分析报告与数据看板，支撑运营决策。 要求熟练使用 爬虫、FineBI。
商业分析,极光智能,11,18,龙岗区,1-3年,本科,100-499人,医疗健康,负责业务数据的采集与清洗，输出分析报告与数据看板，支撑运营决策。 要求熟练使用 A/B测试、Spark、PowerBI、机器学习、统计分析。
数据运营,云帆数据,12,16,盐田区,1-3年,硕士,100-499人,软件服务,负责业务数据的采集与清洗，输出分析报告与数据看板，支撑运营决策。 要求熟练使用 MySQL、SQL、NumPy。
数据挖掘工程师,华为技术,16,25,盐田区,应届生,硕士,0-20人,金融,负责业务数据的采集与清洗，输出分析报告与数据看板，支撑运营决策。 要求熟练使用 可视化、NumPy、Excel。
BI分析师,云帆数据,14,25,光明区,1-3年,硕士,1000-9999人,金融,负责业务数据的采集与清洗，输出分析报告与数据看板，支撑运营决策。 要求熟练使用 Spark、MySQL、ETL、SQL、Excel。
数据产品经理,华为技术,11,17,光明区,5-10年,本科,1000-9999人,软件服务,负责业务数据的采集与清洗，输出分析报告与数据看板，支撑运营决策。 要求熟练使用 A/B测试、Tableau。
数据运营,星辰互联网,8,14,南山区,经验不限,本科,20-99人,电子商务,负责业务数据的采集与清洗，输出分析报告与数据看板，支撑运营决策。 要求熟练使用 数据仓库、Tableau、FineBI、ETL、Excel。
数据产品经理,招商银行,16,30,盐田区,3-5年,大专,100-499人,人工智能,负责业务数据的采集与清洗，输出分析报告与数据看板，支撑运营决策。 要求熟练使用 A/B测试、数据挖掘、Python、FineBI。
数据分析师,中兴通讯,10,12,龙华区,5-10年,本科,10000人以上,制造,负责业务数据的采集与清洗，输出分析报告与数据看板，支撑运营决策。 要求熟练使用 A/B测试、爬虫、PowerBI、统计分析。
商业分析,万科集团,7,14,龙华区,1-3年,博士,100-499人,医疗健康,负责业务数据的采集与清洗，输出分析报告与数据看板，支撑运营决策。 要求熟练使用 数据挖掘、Python、SQL、MySQL、爬虫。
数据挖掘工程师,比亚迪,6,13,宝安区,1-3年,本科,500-999人,教育,负责业务数据的采集与清洗，输出分析报告与数据看板，支撑运营决策。 要求熟练使用 Pandas、SQL、爬虫。
数据运营,云帆数据,5,13,龙岗区,应届生,本科,1000-9999人,教育,负责业务数据的采集与清洗，输出分析报告与数据看板，支撑运营决策。 要求熟练使用 PowerBI、NumPy、ETL。
BI分析师,深蓝信息,9,17,罗湖区,3-5年,本科,1000-9999人,医疗健康,负责业务数据的采集与清洗，输出分析报告与数据看板，支撑运营决策。 要求熟练使用 爬虫、Spark、Pandas、A/B测试、Excel。
数据产品经理,云帆数据,11,24,光明区,5-10年,硕士,100-499人,互联网,负责业务数据的采集与清洗，输出分析报告与数据看板，支撑运营决策。 要求熟练使用 Python、数据挖掘、ETL、Pandas、A/B测试。
商业分析,极光智能,11,20,龙华区,应届生,本科,0-20人,软件服务,负责业务数据的采集与清洗，输出分析报告与数据看板，支撑运营决策。 要求熟练使用 FineBI、机器学习、Excel、A/B测试。
商业分析,华为技术,8,16,龙岗区,应届生,大专,10000人以上,制造,负责业务数据的采集与清洗，输出分析报告与数据看板，支撑运营决策。 要求熟练使用 Pandas、机器学习。
商业分析,比亚迪,8,16,坪山区,1-3年,本科,20-99人,医疗健康,负责业务数据的采集与清洗，输出分析报告与数据看板，支撑运营决策。 要求熟练使用 Pandas、MySQL、可视化、数据挖掘、SQL。
商业分析,招商银行,9,17,龙华区,应届生,本科,100-499人,电子商务,负责业务数据的采集与清洗，输出分析报告与数据看板，支撑运营决策。 要求熟练使用 SQL、统计分析、数据挖掘、PowerBI。
数据产品经理,招商银行,8,10,南山区,应届生,本科,10000人以上,物流,负责业务数据的采集与清洗，输出分析报告与数据看板，支撑运营决策。 要求熟练使用 Excel、ETL、PowerBI。
数据挖掘工程师,平安科技,14,28,南山区,经验不限,博士,10000人以上,人工智能,负责业务数据的采集与清洗，输出分析报告与数据看板，支撑运营决策。 要求熟练使用 Tableau、Pandas、Python、NumPy。
数据运营,腾讯科技,11,22,龙岗区,经验不限,大专,100-499人,互联网,负责业务数据的采集与清洗，输出分析报告与数据看板，支撑运营决策。 要求熟练使用 Excel、MySQL。
BI分析师,华为技术,14,27,盐田区,1-3年,硕士,0-20人,金融,负责业务数据的采集与清洗，输出分析报告与数据看板，支撑运营决策。 要求熟练使用 A/B测试、Python、SQL、MySQL。
数据分析师,中兴通讯,10,18,盐田区,应届生,大专,500-999人,医疗健康,负责业务数据的采集与清洗，输出分析报告与数据看板，支撑运营决策。 要求熟练使用 NumPy、数据挖掘。
数据产品经理,比亚迪,12,18,光明区,5-10年,本科,100-499人,电子商务,负责业务数据的采集与清洗，输出分析报告与数据看板，支撑运营决策。 要求熟练使用 Pandas、FineBI、ETL、PowerBI、可视化。
数据运营,极光智能,13,26,盐田区,1-3年,本科,100-499人,金融,负责业务数据的采集与清洗，输出分析报告与数据看板，支撑运营决策。 要求熟练使用 数据挖掘、Hadoop、NumPy、MySQL。
商业分析,华为技术,10,18,龙华区,3-5年,本科,500-999人,互联网,负责业务数据的采集与清洗，输出分析报告与数据看板，支撑运营决策。 要求熟练使用 Pandas、可视化、Hadoop、数据仓库。
BI分析师,顺丰速运,7,15,龙华区,应届生,本科,20-99人,医疗健康,负责业务数据的采集与清洗，输出分析报告与数据看板，支撑运营决策。 要求熟练使用 机器学习、Pandas、Hadoop、ETL、数据仓库。
数据挖掘工程师,大疆创新,13,17,坪山区,5-10年,硕士,500-999人,通信,负责业务数据的采集与清洗，输出分析报告与数据看板，支撑运营决策。 要求熟练使用 FineBI、数据挖掘。
数据挖掘工程师,顺丰速运,12,23,龙华区,1-3年,本科,20-99人,互联网,负责业务数据的采集与清洗，输出分析报告与数据看板，支撑运营决策。 要求熟练使用 Excel、NumPy、Python、FineBI、PowerBI。
数据分析实习生,比亚迪,15,25,罗湖区,1-3年,本科,500-999人,金融,负责业务数据的采集与清洗，输出分析报告与数据看板，支撑运营决策。 要求熟练使用 SQL、NumPy。
数据产品经理,华为技术,14,18,罗湖区,1-3年,本科,500-999人,互联网,负责业务数据的采集与清洗，输出分析报告与数据看板，支撑运营决策。 要求熟练使用 数据挖掘、PowerBI、Hive、Pandas、Hadoop。
数据产品经理,万科集团,14,28,盐田区,1-3年,本科,20-99人,金融,负责业务数据的采集与清洗，输出分析报告与数据看板，支撑运营决策。 要求熟练使用 Python、PowerBI。
数据分析实习生,星辰互联网,10,22,罗湖区,经验不限,大专,100-499人,软件服务,负责业务数据的采集与清洗，输出分析报告与数据看板，支撑运营决策。 要求熟练使用 Tableau、NumPy、统计分析、机器学习、Hadoop。
数据分析师,中兴通讯,10,21,福田区,3-5年,本科,500-999人,互联网,负责业务数据的采集与清洗，输出分析报告与数据看板，支撑运营决策。 要求熟练使用 爬虫、Pandas、统计分析、Python、Spark。
数据挖掘工程师,云帆数据,14,21,龙华区,应届生,硕士,20-99人,互联网,负责业务数据的采集与清洗，输出分析报告与数据看板，支撑运营决策。 要求熟练使用 Hive、Excel、统计分析、爬虫、Spark。
BI分析师,智联科技,10,16,福田区,1-3年,本科,1000-9999人,软件服务,负责业务数据的采集与清洗，输出分析报告与数据看板，支撑运营决策。 要求熟练使用 NumPy、机器学习、Pandas、FineBI。
数据分析实习生,星辰互联网,10,20,福田区,应届生,本科,100-499人,软件服务,负责业务数据的采集与清洗，输出分析报告与数据看板，支撑运营决策。 要求熟练使用 数据仓库、Spark、FineBI、NumPy、A/B测试。
数据运营,星辰互联网,13,23,罗湖区,1-3年,本科,20-99人,互联网,负责业务数据的采集与清洗，输出分析报告与数据看板，支撑运营决策。 要求熟练使用 A/B测试、SQL、数据仓库、Hadoop、爬虫。
BI分析师,华润置地,10,22,光明区,1-3年,本科,1000-9999人,互联网,负责业务数据的采集与清洗，输出分析报告与数据看板，支撑运营决策。 要求熟练使用 A/B测试、数据仓库。
商业分析,华润置地,10,18,龙岗区,5-10年,本科,1000-9999人,电子商务,负责业务数据的采集与清洗，输出分析报告与数据看板，支撑运营决策。 要求熟练使用 Excel、Hive、Tableau、SQL。
BI分析师,华润置地,12,19,龙岗区,1-3年,硕士,100-499人,软件服务,负责业务数据的采集与清洗，输出分析报告与数据看板，支撑运营决策。 要求熟练使用 FineBI、SQL、Spark、Excel。
商业分析,顺丰速运,13,21,罗湖区,1-3年,本科,10000人以上,软件服务,负责业务数据的采集与清洗，输出分析报告与数据看板，支撑运营决策。 要求熟练使用 Spark、Excel、NumPy。
数据产品经理,智联科技,8,16,光明区,应届生,本科,20-99人,制造,负责业务数据的采集与清洗，输出分析报告与数据看板，支撑运营决策。 要求熟练使用 Spark、NumPy、Hive、Excel、可视化。
数据运营,平安科技,12,25,宝安区,经验不限,本科,20-99人,金融,负责业务数据的采集与清洗，输出分析报告与数据看板，支撑运营决策。 要求熟练使用 NumPy、Excel、爬虫。
数据挖掘工程师,华润置地,7,17,坪山区,应届生,本科,1000-9999人,医疗健康,负责业务数据的采集与清洗，输出分析报告与数据看板，支撑运营决策。 要求熟练使用 FineBI、统计分析、NumPy。
数据分析实习生,云帆数据,14,24,盐田区,应届生,本科,1000-9999人,互联网,负责业务数据的采集与清洗，输出分析报告与数据看板，支撑运营决策。 要求熟练使用 FineBI、爬虫、A/B测试、机器学习、Hive。
数据分析实习生,比亚迪,12,22,盐田区,1-3年,本科,100-499人,软件服务,负责业务数据的采集与清洗，输出分析报告与数据看板，支撑运营决策。 要求熟练使用 Tableau、PowerBI、NumPy、数据挖掘、SQL。
数据分析师,云帆数据,10,18,坪山区,3-5年,本科,1000-9999人,电子商务,负责业务数据的采集与清洗，输出分析报告与数据看板，支撑运营决策。 要求熟练使用 A/B测试、Hive、NumPy、可视化。
商业分析,深蓝信息,11,24,龙华区,5-10年,本科,100-499人,互联网,负责业务数据的采集与清洗，输出分析报告与数据看板，支撑运营决策。 要求熟练使用 机器学习、统计分析、Excel、Hadoop。
数据挖掘工程师,云帆数据,11,16,龙华区,3-5年,大专,100-499人,软件服务,负责业务数据的采集与清洗，输出分析报告与数据看板，支撑运营决策。 要求熟练使用 NumPy、MySQL、A/B测试、Python、Excel。
数据分析实习生,华润置地,11,24,坪山区,1-3年,本科,20-99人,互联网,负责业务数据的采集与清洗，输出分析报告与数据看板，支撑运营决策。 要求熟练使用 SQL、机器学习。
数据分析师,华为技术,16,26,盐田区,1-3年,大专,100-499人,金融,负责业务数据的采集与清洗，输出分析报告与数据看板，支撑运营决策。 要求熟练使用 NumPy、爬虫、可视化。
BI分析师,大疆创新,12,19,龙岗区,1-3年,大专,10000人以上,互联网,负责业务数据的采集与清洗，输出分析报告与数据看板，支撑运营决策。 要求熟练使用 Hive、ETL。
数据分析师,大疆创新,16,27,盐田区,应届生,本科,100-499人,金融,负责业务数据的采集与清洗，输出分析报告与数据看板，支撑运营决策。 要求熟练使用 Hadoop、Excel。
BI分析师,云帆数据,9,22,龙华区,应届生,本科,100-499人,软件服务,负责业务数据的采集与清洗，输出分析报告与数据看板，支撑运营决策。 要求熟练使用 A/B测试、MySQL、Tableau。
数据挖掘工程师,中兴通讯,5,14,南山区,经验不限,大专,20-99人,教育,负责业务数据的采集与清洗，输出分析报告与数据看板，支撑运营决策。 要求熟练使用 Spark、爬虫。
数据运营,腾讯科技,17,29,宝安区,经验不限,硕士,0-20人,人工智能,负责业务数据的采集与清洗，输出分析报告与数据看板，支撑运营决策。 要求熟练使用 数据挖掘、Pandas、Hadoop、可视化。
数据运营,平安科技,10,16,盐田区,1-3年,本科,1000-9999人,医疗健康,负责业务数据的采集与清洗，输出分析报告与数据看板，支撑运营决策。 要求熟练使用 Excel、可视化、FineBI、数据仓库。
数据运营,比亚迪,14,30,福田区,应届生,本科,100-499人,人工智能,负责业务数据的采集与清洗，输出分析报告与数据看板，支撑运营决策。 要求熟练使用 Tableau、A/B测试、Hadoop、数据仓库、SQL。
商业分析,顺丰速运,11,20,南山区,应届生,本科,100-499人,通信,负责业务数据的采集与清洗，输出分析报告与数据看板，支撑运营决策。 要求熟练使用 Python、NumPy、A/B测试。
数据挖掘工程师,智联科技,10,19,龙华区,1-3年,硕士,0-20人,互联网,负责业务数据的采集与清洗，输出分析报告与数据看板，支撑运营决策。 要求熟练使用 A/B测试、Hadoop、数据仓库。
数据分析实习生,华润置地,12,27,龙华区,1-3年,本科,20-99人,金融,负责业务数据的采集与清洗，输出分析报告与数据看板，支撑运营决策。 要求熟练使用 Python、Tableau。
数据分析师,顺丰速运,15,27,罗湖区,1-3年,本科,500-999人,金融,负责业务数据的采集与清洗，输出分析报告与数据看板，支撑运营决策。 要求熟练使用 PowerBI、Pandas、NumPy、Excel、A/B测试。
数据挖掘工程师,智联科技,13,18,龙华区,1-3年,本科,100-499人,互联网,负责业务数据的采集与清洗，输出分析报告与数据看板，支撑运营决策。 要求熟练使用 爬虫、Tableau、数据仓库、Hadoop。
数据挖掘工程师,平安科技,12,24,宝安区,3-5年,大专,500-999人,金融,负责业务数据的采集与清洗，输出分析报告与数据看板，支撑运营决策。 要求熟练使用 A/B测试、ETL、NumPy、Excel。
数据产品经理,中兴通讯,13,23,坪山区,1-3年,本科,500-999人,互联网,负责业务数据的采集与清洗，输出分析报告与数据看板，支撑运营决策。 要求熟练使用 Spark、Excel、A/B测试。
数据分析实习生,深蓝信息,16,25,坪山区,1-3年,本科,10000人以上,金融,负责业务数据的采集与清洗，输出分析报告与数据看板，支撑运营决策。 要求熟练使用 Hive、SQL、Pandas、FineBI、NumPy。
数据产品经理,招商银行,10,18,龙华区,5-10年,本科,100-499人,软件服务,负责业务数据的采集与清洗，输出分析报告与数据看板，支撑运营决策。 要求熟练使用 数据挖掘、PowerBI。
数据分析实习生,智联科技,12,16,罗湖区,1-3年,大专,500-999人,电子商务,负责业务数据的采集与清洗，输出分析报告与数据看板，支撑运营决策。 要求熟练使用 Tableau、Spark、SQL。
数据分析师,智联科技,5,9,罗湖区,1-3年,本科,100-499人,教育,负责业务数据的采集与清洗，输出分析报告与数据看板，支撑运营决策。 要求熟练使用 MySQL、ETL。
数据分析实习生,星辰互联网,11,19,光明区,经验不限,大专,20-99人,软件服务,负责业务数据的采集与清洗，输出分析报告与数据看板，支撑运营决策。 要求熟练使用 可视化、MySQL、A/B测试、PowerBI、Spark。
数据产品经理,比亚迪,15,32,龙华区,5-10年,大专,100-499人,人工智能,负责业务数据的采集与清洗，输出分析报告与数据看板，支撑运营决策。 要求熟练使用 Spark、机器学习。
数据分析实习生,平安科技,14,26,福田区,应届生,硕士,1000-9999人,金融,负责业务数据的采集与清洗，输出分析报告与数据看板，支撑运营决策。 要求熟练使用 机器学习、Tableau、Spark、ETL、PowerBI。
商业分析,中兴通讯,12,20,罗湖区,1-3年,大专,100-499人,通信,负责业务数据的采集与清洗，输出分析报告与数据看板，支撑运营决策。 要求熟练使用 机器学习、PowerBI、Hadoop、SQL、Hive。
数据产品经理,智联科技,13,22,盐田区,经验不限,大专,20-99人,软件服务,负责业务数据的采集与清洗，输出分析报告与数据看板，支撑运营决策。 要求熟练使用 数据挖掘、Hadoop、统计分析。
BI分析师,华润置地,12,16,宝安区,1-3年,本科,100-499人,软件服务,负责业务数据的采集与清洗，输出分析报告与数据看板，支撑运营决策。 要求熟练使用 ETL、数据挖掘、Pandas、NumPy、FineBI。
数据运营,星辰互联网,14,27,龙岗区,应届生,本科,100-499人,金融,负责业务数据的采集与清洗，输出分析报告与数据看板，支撑运营决策。 要求熟练使用 SQL、NumPy。
商业分析,平安科技,12,20,坪山区,应届生,硕士,100-499人,通信,负责业务数据的采集与清洗，输出分析报告与数据看板，支撑运营决策。 要求熟练使用 FineBI、爬虫、Spark、Hive、MySQL。
数据挖掘工程师,腾讯科技,11,19,龙华区,经验不限,大专,100-499人,通信,负责业务数据的采集与清洗，输出分析报告与数据看板，支撑运营决策。 要求熟练使用 Python、MySQL、数据挖掘、机器学习。
数据分析实习生,华润置地,13,19,光明区,应届生,本科,0-20人,通信,负责业务数据的采集与清洗，输出分析报告与数据看板，支撑运营决策。 要求熟练使用 PowerBI、Python。
商业分析,云帆数据,15,24,宝安区,1-3年,本科,10000人以上,金融,负责业务数据的采集与清洗，输出分析报告与数据看板，支撑运营决策。 要求熟练使用 NumPy、Hive。
商业分析,华润置地,12,23,光明区,经验不限,本科,10000人以上,互联网,负责业务数据的采集与清洗，输出分析报告与数据看板，支撑运营决策。 要求熟练使用 ETL、Hadoop、数据挖掘、MySQL。
BI分析师,顺丰速运,11,20,宝安区,5-10年,博士,1000-9999人,互联网,负责业务数据的采集与清洗，输出分析报告与数据看板，支撑运营决策。 要求熟练使用 MySQL、Spark、FineBI。
数据分析师,万科集团,11,18,坪山区,1-3年,博士,1000-9999人,软件服务,负责业务数据的采集与清洗，输出分析报告与数据看板，支撑运营决策。 要求熟练使用 爬虫、SQL、FineBI。
商业分析,智联科技,5,12,罗湖区,1-3年,本科,1000-9999人,物流,负责业务数据的采集与清洗，输出分析报告与数据看板，支撑运营决策。 要求熟练使用 ETL、数据挖掘、NumPy、Pandas。
数据分析实习生,腾讯科技,12,15,坪山区,经验不限,本科,20-99人,电子商务,负责业务数据的采集与清洗，输出分析报告与数据看板，支撑运营决策。 要求熟练使用 MySQL、Pandas、NumPy、Python。
数据产品经理,深蓝信息,6,13,盐田区,1-3年,本科,10000人以上,物流,负责业务数据的采集与清洗，输出分析报告与数据看板，支撑运营决策。 要求熟练使用 爬虫、SQL、Excel、机器学习。
商业分析,深蓝信息,13,27,龙岗区,5-10年,大专,1000-9999人,人工智能,负责业务数据的采集与清洗，输出分析报告与数据看板，支撑运营决策。 要求熟练使用 Tableau、爬虫、SQL、Python、数据仓库。
数据运营,中兴通讯,13,28,坪山区,1-3年,硕士,20-99人,人工智能,负责业务数据的采集与清洗，输出分析报告与数据看板，支撑运营决策。 要求熟练使用 数据挖掘、PowerBI、Pandas、Spark、Tableau。
数据分析实习生,腾讯科技,11,21,龙华区,3-5年,本科,1000-9999人,通信,负责业务数据的采集与清洗，输出分析报告与数据看板，支撑运营决策。 要求熟练使用 FineBI、统计分析、可视化。
数据产品经理,华为技术,13,29,龙岗区,5-10年,本科,10000人以上,人工智能,负责业务数据的采集与清洗，输出分析报告与数据看板，支撑运营决策。 要求熟练使用 数据挖掘、统计分析。
数据运营,万科集团,11,18,南山区,经验不限,本科,20-99人,软件服务,负责业务数据的采集与清洗，输出分析报告与数据看板，支撑运营决策。 要求熟练使用 A/B测试、爬虫。
数据挖掘工程师,顺丰速运,14,23,福田区,1-3年,硕士,100-499人,互联网,负责业务数据的采集与清洗，输出分析报告与数据看板，支撑运营决策。 要求熟练使用 机器学习、NumPy、MySQL。
商业分析,云帆数据,14,20,坪山区,3-5年,本科,1000-9999人,互联网,负责业务数据的采集与清洗，输出分析报告与数据看板，支撑运营决策。 要求熟练使用 机器学习、Excel、Hive。
BI分析师,华为技术,14,23,南山区,3-5年,硕士,20-99人,金融,负责业务数据的采集与清洗，输出分析报告与数据看板，支撑运营决策。 要求熟练使用 Tableau、Spark、Hive。
BI分析师,中兴通讯,13,28,福田区,3-5年,本科,20-99人,金融,负责业务数据的采集与清洗，输出分析报告与数据看板，支撑运营决策。 要求熟练使用 Hive、可视化、A/B测试。
数据产品经理,星辰互联网,17,29,罗湖区,1-3年,本科,1000-9999人,人工智能,负责业务数据的采集与清洗，输出分析报告与数据看板，支撑运营决策。 要求熟练使用 数据仓库、Excel、SQL。
数据分析师,深蓝信息,12,27,福田区,5-10年,本科,100-499人,金融,负责业务数据的采集与清洗，输出分析报告与数据看板，支撑运营决策。 要求熟练使用 NumPy、可视化、Hadoop。
数据挖掘工程师,深蓝信息,8,13,光明区,1-3年,本科,500-999人,物流,负责业务数据的采集与清洗，输出分析报告与数据看板，支撑运营决策。 要求熟练使用 Hadoop、Pandas、Tableau。
数据分析实习生,云帆数据,8,14,宝安区,3-5年,本科,10000人以上,物流,负责业务数据的采集与清洗，输出分析报告与数据看板，支撑运营决策。 要求熟练使用 ETL、可视化、FineBI、统计分析、机器学习。
数据运营,招商银行,11,17,福田区,应届生,本科,500-999人,软件服务,负责业务数据的采集与清洗，输出分析报告与数据看板，支撑运营决策。 要求熟练使用 机器学习、PowerBI。
商业分析,万科集团,14,18,南山区,经验不限,大专,100-499人,互联网,负责业务数据的采集与清洗，输出分析报告与数据看板，支撑运营决策。 要求熟练使用 SQL、NumPy、Hive。
数据产品经理,万科集团,6,16,龙华区,1-3年,本科,1000-9999人,物流,负责业务数据的采集与清洗，输出分析报告与数据看板，支撑运营决策。 要求熟练使用 爬虫、NumPy、Hive。
数据分析师,华润置地,11,18,龙岗区,1-3年,本科,100-499人,软件服务,负责业务数据的采集与清洗，输出分析报告与数据看板，支撑运营决策。 要求熟练使用 统计分析、Hive、Spark、可视化。
数据分析实习生,星辰互联网,14,26,坪山区,1-3年,硕士,100-499人,金融,负责业务数据的采集与清洗，输出分析报告与数据看板，支撑运营决策。 要求熟练使用 A/B测试、SQL、ETL。
BI分析师,平安科技,15,27,光明区,经验不限,本科,500-999人,金融,负责业务数据的采集与清洗，输出分析报告与数据看板，支撑运营决策。 要求熟练使用 Hadoop、Excel、ETL、PowerBI、SQL。
数据分析师,极光智能,13,20,福田区,应届生,本科,1000-9999人,软件服务,负责业务数据的采集与清洗，输出分析报告与数据看板，支撑运营决策。 要求熟练使用 MySQL、PowerBI、Spark。
数据分析实习生,云帆数据,9,17,福田区,1-3年,本科,10000人以上,软件服务,负责业务数据的采集与清洗，输出分析报告与数据看板，支撑运营决策。 要求熟练使用 统计分析、机器学习、ETL。
商业分析,华润置地,11,19,龙华区,经验不限,本科,1000-9999人,软件服务,负责业务数据的采集与清洗，输出分析报告与数据看板，支撑运营决策。 要求熟练使用 Pandas、MySQL、Spark、PowerBI、Hadoop。
数据挖掘工程师,招商银行,9,20,龙岗区,应届生,本科,500-999人,软件服务,负责业务数据的采集与清洗，输出分析报告与数据看板，支撑运营决策。 要求熟练使用 爬虫、NumPy、PowerBI、Spark、机器学习。
BI分析师,智联科技,13,26,龙华区,经验不限,硕士,10000人以上,金融,负责业务数据的采集与清洗，输出分析报告与数据看板，支撑运营决策。 要求熟练使用 A/B测试、Tableau、Hadoop、数据仓库、NumPy。
BI分析师,智联科技,12,17,南山区,1-3年,硕士,20-99人,通信,负责业务数据的采集与清洗，输出分析报告与数据看板，支撑运营决策。 要求熟练使用 Python、可视化。
数据产品经理,平安科技,11,18,南山区,经验不限,本科,20-99人,互联网,负责业务数据的采集与清洗，输出分析报告与数据看板，支撑运营决策。 要求熟练使用 MySQL、Python、数据仓库、可视化、ETL。
数据运营,腾讯科技,12,22,坪山区,3-5年,本科,1000-9999人,互联网,负责业务数据的采集与清洗，输出分析报告与数据看板，支撑运营决策。 要求熟练使用 Pandas、FineBI、Hive。
BI分析师,顺丰速运,11,22,龙华区,经验不限,本科,100-499人,互联网,负责业务数据的采集与清洗，输出分析报告与数据看板，支撑运营决策。 要求熟练使用 A/B测试、数据仓库、机器学习、ETL、爬虫。
数据挖掘工程师,智联科技,8,19,南山区,应届生,本科,500-999人,电子商务,负责业务数据的采集与清洗，输出分析报告与数据看板，支撑运营决策。 要求熟练使用 Python、Tableau。
数据挖掘工程师,比亚迪,13,23,福田区,3-5年,硕士,20-99人,互联网,负责业务数据的采集与清洗，输出分析报告与数据看板，支撑运营决策。 要求熟练使用 数据挖掘、SQL、Excel、FineBI、数据仓库。
数据分析实习生,万科集团,12,18,龙岗区,3-5年,本科,100-499人,互联网,负责业务数据的采集与清洗，输出分析报告与数据看板，支撑运营决策。 要求熟练使用 爬虫、Tableau。
数据挖掘工程师,大疆创新,17,32,坪山区,经验不限,本科,20-99人,人工智能,负责业务数据的采集与清洗，输出分析报告与数据看板，支撑运营决策。 要求熟练使用 Hive、Hadoop。
数据挖掘工程师,华为技术,13,19,龙华区,1-3年,本科,500-999人,互联网,负责业务数据的采集与清洗，输出分析报告与数据看板，支撑运营决策。 要求熟练使用 Python、数据挖掘、A/B测试、MySQL。
商业分析,平安科技,13,19,光明区,应届生,本科,1000-9999人,软件服务,负责业务数据的采集与清洗，输出分析报告与数据看板，支撑运营决策。 要求熟练使用 Excel、数据挖掘。
商业分析,比亚迪,11,23,龙华区,应届生,大专,100-499人,互联网,负责业务数据的采集与清洗，输出分析报告与数据看板，支撑运营决策。 要求熟练使用 数据挖掘、Pandas、NumPy、Excel。
BI分析师,华润置地,13,22,光明区,应届生,大专,500-999人,互联网,负责业务数据的采集与清洗，输出分析报告与数据看板，支撑运营决策。 要求熟练使用 统计分析、Python、爬虫、可视化。
BI分析师,深蓝信息,12,28,宝安区,1-3年,本科,100-499人,金融,负责业务数据的采集与清洗，输出分析报告与数据看板，支撑运营决策。 要求熟练使用 数据挖掘、爬虫、FineBI。
商业分析,顺丰速运,12,24,光明区,经验不限,本科,100-499人,金融,负责业务数据的采集与清洗，输出分析报告与数据看板，支撑运营决策。 要求熟练使用 MySQL、PowerBI、A/B测试。
商业分析,比亚迪,12,18,光明区,3-5年,本科,100-499人,互联网,负责业务数据的采集与清洗，输出分析报告与数据看板，支撑运营决策。 要求熟练使用 爬虫、Spark、PowerBI。
数据运营,顺丰速运,13,26,盐田区,5-10年,本科,100-499人,金融,负责业务数据的采集与清洗，输出分析报告与数据看板，支撑运营决策。 要求熟练使用 统计分析、Hadoop、Pandas、PowerBI。
数据产品经理,星辰互联网,17,27,坪山区,应届生,本科,10000人以上,人工智能,负责业务数据的采集与清洗，输出分析报告与数据看板，支撑运营决策。 要求熟练使用 A/B测试、爬虫、Excel。
商业分析,平安科技,8,14,罗湖区,经验不限,本科,1000-9999人,教育,负责业务数据的采集与清洗，输出分析报告与数据看板，支撑运营决策。 要求熟练使用 Excel、A/B测试、MySQL、统计分析、可视化。
数据挖掘工程师,华润置地,15,31,福田区,应届生,本科,500-999人,人工智能,负责业务数据的采集与清洗，输出分析报告与数据看板，支撑运营决策。 要求熟练使用 FineBI、SQL、统计分析。
商业分析,华为技术,7,16,南山区,应届生,本科,1000-9999人,物流,负责业务数据的采集与清洗，输出分析报告与数据看板，支撑运营决策。 要求熟练使用 A/B测试、Hadoop、统计分析。
BI分析师,平安科技,16,28,龙华区,5-10年,本科,100-499人,金融,负责业务数据的采集与清洗，输出分析报告与数据看板，支撑运营决策。 要求熟练使用 Pandas、NumPy。
数据挖掘工程师,招商银行,11,19,坪山区,1-3年,本科,100-499人,软件服务,负责业务数据的采集与清洗，输出分析报告与数据看板，支撑运营决策。 要求熟练使用 Spark、Excel、爬虫、SQL、Pandas。
数据分析师,智联科技,12,23,龙岗区,3-5年,本科,100-499人,互联网,负责业务数据的采集与清洗，输出分析报告与数据看板，支撑运营决策。 要求熟练使用 Spark、ETL、可视化。
商业分析,智联科技,6,16,龙岗区,应届生,本科,100-499人,物流,负责业务数据的采集与清洗，输出分析报告与数据看板，支撑运营决策。 要求熟练使用 A/B测试、数据仓库、可视化。
数据运营,星辰互联网,13,24,福田区,1-3年,本科,100-499人,金融,负责业务数据的采集与清洗，输出分析报告与数据看板，支撑运营决策。 要求熟练使用 Spark、PowerBI、A/B测试、Pandas。
数据产品经理,比亚迪,12,20,光明区,1-3年,本科,100-499人,软件服务,负责业务数据的采集与清洗，输出分析报告与数据看板，支撑运营决策。 要求熟练使用 FineBI、Tableau、爬虫、Excel、NumPy。
数据分析师,平安科技,10,18,龙华区,1-3年,本科,100-499人,软件服务,负责业务数据的采集与清洗，输出分析报告与数据看板，支撑运营决策。 要求熟练使用 数据仓库、统计分析、可视化。
数据产品经理,深蓝信息,14,23,龙岗区,1-3年,本科,20-99人,互联网,负责业务数据的采集与清洗，输出分析报告与数据看板，支撑运营决策。 要求熟练使用 A/B测试、SQL、Hadoop、Python。
商业分析,华润置地,13,29,坪山区,1-3年,本科,100-499人,金融,负责业务数据的采集与清洗，输出分析报告与数据看板，支撑运营决策。 要求熟练使用 MySQL、Tableau、Excel、Python、机器学习。
BI分析师,顺丰速运,11,17,龙岗区,3-5年,本科,1000-9999人,软件服务,负责业务数据的采集与清洗，输出分析报告与数据看板，支撑运营决策。 要求熟练使用 ETL、Hive、Pandas、FineBI、数据挖掘。
数据挖掘工程师,星辰互联网,7,13,南山区,3-5年,本科,20-99人,教育,负责业务数据的采集与清洗，输出分析报告与数据看板，支撑运营决策。 要求熟练使用 Pandas、机器学习、爬虫、SQL、A/B测试。
数据挖掘工程师,华为技术,9,19,宝安区,经验不限,本科,500-999人,软件服务,负责业务数据的采集与清洗，输出分析报告与数据看板，支撑运营决策。 要求熟练使用 Tableau、NumPy、PowerBI、ETL、SQL。
BI分析师,华润置地,17,28,龙岗区,经验不限,本科,100-499人,人工智能,负责业务数据的采集与清洗，输出分析报告与数据看板，支撑运营决策。 要求熟练使用 Hive、Pandas、NumPy、可视化。
数据产品经理,平安科技,8,17,龙岗区,经验不限,本科,1000-9999人,制造,负责业务数据的采集与清洗，输出分析报告与数据看板，支撑运营决策。 要求熟练使用 MySQL、NumPy、数据挖掘、可视化、统计分析。
BI分析师,云帆数据,12,26,罗湖区,1-3年,硕士,100-499人,金融,负责业务数据的采集与清洗，输出分析报告与数据看板，支撑运营决策。 要求熟练使用 Spark、数据仓库、Python、Excel、A/B测试。
数据分析师,星辰互联网,10,20,坪山区,1-3年,硕士,1000-9999人,电子商务,负责业务数据的采集与清洗，输出分析报告与数据看板，支撑运营决策。 要求熟练使用 数据挖掘、Spark、爬虫、数据仓库、NumPy。
数据运营,深蓝信息,16,32,南山区,应届生,本科,1000-9999人,人工智能,负责业务数据的采集与清洗，输出分析报告与数据看板，支撑运营决策。 要求熟练使用 Pandas、Tableau。
数据分析实习生,云帆数据,12,26,龙岗区,3-5年,本科,1000-9999人,金融,负责业务数据的采集与清洗，输出分析报告与数据看板，支撑运营决策。 要求熟练使用 Excel、Hadoop、数据挖掘、FineBI。
商业分析,智联科技,13,23,罗湖区,1-3年,本科,100-499人,金融,负责业务数据的采集与清洗，输出分析报告与数据看板，支撑运营决策。 要求熟练使用 Pandas、Python。
BI分析师,招商银行,10,19,坪山区,1-3年,大专,500-999人,互联网,负责业务数据的采集与清洗，输出分析报告与数据看板，支撑运营决策。 要求熟练使用 可视化、NumPy。
数据分析师,云帆数据,13,26,福田区,应届生,本科,100-499人,金融,负责业务数据的采集与清洗，输出分析报告与数据看板，支撑运营决策。 要求熟练使用 NumPy、FineBI、Excel、Hive、Python。
数据运营,云帆数据,9,17,宝安区,1-3年,本科,100-499人,电子商务,负责业务数据的采集与清洗，输出分析报告与数据看板，支撑运营决策。 要求熟练使用 PowerBI、Excel、Pandas、NumPy、ETL。
商业分析,比亚迪,16,28,龙岗区,经验不限,本科,20-99人,人工智能,负责业务数据的采集与清洗，输出分析报告与数据看板，支撑运营决策。 要求熟练使用 Python、爬虫、PowerBI、Hive。
商业分析,顺丰速运,14,31,南山区,3-5年,本科,20-99人,人工智能,负责业务数据的采集与清洗，输出分析报告与数据看板，支撑运营决策。 要求熟练使用 Pandas、机器学习、MySQL、Excel、Python。
商业分析,极光智能,7,11,光明区,1-3年,本科,1000-9999人,物流,负责业务数据的采集与清洗，输出分析报告与数据看板，支撑运营决策。 要求熟练使用 Python、数据仓库。
数据分析师,深蓝信息,12,19,南山区,5-10年,本科,100-499人,互联网,负责业务数据的采集与清洗，输出分析报告与数据看板，支撑运营决策。 要求熟练使用 可视化、统计分析、Excel、NumPy、数据挖掘。
数据分析实习生,星辰互联网,10,22,龙岗区,1-3年,本科,500-999人,互联网,负责业务数据的采集与清洗，输出分析报告与数据看板，支撑运营决策。 要求熟练使用 爬虫、可视化。
数据分析实习生,华为技术,10,16,光明区,应届生,本科,20-99人,通信,负责业务数据的采集与清洗，输出分析报告与数据看板，支撑运营决策。 要求熟练使用 Pandas、Python、NumPy。
数据运营,华润置地,10,19,坪山区,3-5年,本科,20-99人,通信,负责业务数据的采集与清洗，输出分析报告与数据看板，支撑运营决策。 要求熟练使用 数据挖掘、Pandas、Python。
BI分析师,华为技术,12,18,罗湖区,1-3年,本科,20-99人,软件服务,负责业务数据的采集与清洗，输出分析报告与数据看板，支撑运营决策。 要求熟练使用 Hive、Hadoop、SQL、MySQL、Tableau。
数据分析师,深蓝信息,11,22,福田区,经验不限,本科,0-20人,软件服务,负责业务数据的采集与清洗，输出分析报告与数据看板，支撑运营决策。 要求熟练使用 机器学习、SQL。
数据分析实习生,深蓝信息,15,24,南山区,1-3年,硕士,1000-9999人,金融,负责业务数据的采集与清洗，输出分析报告与数据看板，支撑运营决策。 要求熟练使用 机器学习、Spark、FineBI、可视化、数据仓库。
数据运营,华为技术,9,20,坪山区,1-3年,大专,20-99人,软件服务,负责业务数据的采集与清洗，输出分析报告与数据看板，支撑运营决策。 要求熟练使用 统计分析、Excel。
数据挖掘工程师,顺丰速运,9,19,龙华区,应届生,本科,100-499人,医疗健康,负责业务数据的采集与清洗，输出分析报告与数据看板，支撑运营决策。 要求熟练使用 数据仓库、爬虫、机器学习、A/B测试。
数据挖掘工程师,招商银行,12,22,坪山区,3-5年,本科,0-20人,软件服务,负责业务数据的采集与清洗，输出分析报告与数据看板，支撑运营决策。 要求熟练使用 Python、机器学习、ETL、Hadoop、FineBI。
数据产品经理,大疆创新,5,16,罗湖区,应届生,本科,20-99人,物流,负责业务数据的采集与清洗，输出分析报告与数据看板，支撑运营决策。 要求熟练使用 SQL、NumPy、数据挖掘、Excel、FineBI。
数据产品经理,深蓝信息,10,14,龙华区,1-3年,本科,500-999人,制造,负责业务数据的采集与清洗，输出分析报告与数据看板，支撑运营决策。 要求熟练使用 统计分析、Excel、SQL。
数据运营,顺丰速运,13,24,龙华区,3-5年,本科,1000-9999人,金融,负责业务数据的采集与清洗，输出分析报告与数据看板，支撑运营决策。 要求熟练使用 Spark、A/B测试、数据挖掘、机器学习。
数据挖掘工程师,星辰互联网,11,19,福田区,应届生,本科,100-499人,互联网,负责业务数据的采集与清洗，输出分析报告与数据看板，支撑运营决策。 要求熟练使用 Pandas、ETL、Hadoop、PowerBI、A/B测试。
数据分析师,华为技术,11,22,龙岗区,3-5年,本科,1000-9999人,软件服务,负责业务数据的采集与清洗，输出分析报告与数据看板，支撑运营决策。 要求熟练使用 PowerBI、Spark。
商业分析,华润置地,11,20,南山区,1-3年,本科,10000人以上,互联网,负责业务数据的采集与清洗，输出分析报告与数据看板，支撑运营决策。 要求熟练使用 统计分析、A/B测试。
数据分析师,中兴通讯,17,27,福田区,3-5年,大专,0-20人,人工智能,负责业务数据的采集与清洗，输出分析报告与数据看板，支撑运营决策。 要求熟练使用 NumPy、PowerBI、统计分析。
BI分析师,顺丰速运,12,27,福田区,应届生,大专,10000人以上,金融,负责业务数据的采集与清洗，输出分析报告与数据看板，支撑运营决策。 要求熟练使用 NumPy、Excel、Spark、Pandas、SQL。
BI分析师,大疆创新,6,12,光明区,1-3年,本科,100-499人,制造,负责业务数据的采集与清洗，输出分析报告与数据看板，支撑运营决策。 要求熟练使用 PowerBI、Tableau、数据挖掘、ETL。
BI分析师,万科集团,13,23,宝安区,1-3年,本科,1000-9999人,金融,负责业务数据的采集与清洗，输出分析报告与数据看板，支撑运营决策。 要求熟练使用 SQL、Excel、数据挖掘、统计分析、NumPy。
数据产品经理,星辰互联网,16,24,坪山区,3-5年,博士,1000-9999人,金融,负责业务数据的采集与清洗，输出分析报告与数据看板，支撑运营决策。 要求熟练使用 MySQL、ETL、FineBI、Hadoop。
商业分析,顺丰速运,10,13,龙岗区,应届生,本科,0-20人,制造,负责业务数据的采集与清洗，输出分析报告与数据看板，支撑运营决策。 要求熟练使用 SQL、MySQL、Hive、Hadoop。
数据分析师,招商银行,10,17,宝安区,经验不限,硕士,10000人以上,通信,负责业务数据的采集与清洗，输出分析报告与数据看板，支撑运营决策。 要求熟练使用 机器学习、数据仓库。
数据挖掘工程师,极光智能,10,15,龙岗区,应届生,本科,1000-9999人,医疗健康,负责业务数据的采集与清洗，输出分析报告与数据看板，支撑运营决策。 要求熟练使用 数据仓库、Python、Hadoop、NumPy。
数据挖掘工程师,深蓝信息,14,32,盐田区,1-3年,本科,0-20人,人工智能,负责业务数据的采集与清洗，输出分析报告与数据看板，支撑运营决策。 要求熟练使用 机器学习、FineBI。
数据运营,深蓝信息,13,18,宝安区,3-5年,本科,20-99人,互联网,负责业务数据的采集与清洗，输出分析报告与数据看板，支撑运营决策。 要求熟练使用 SQL、Python、NumPy、ETL。
数据运营,华为技术,9,15,龙华区,1-3年,本科,500-999人,教育,负责业务数据的采集与清洗，输出分析报告与数据看板，支撑运营决策。 要求熟练使用 爬虫、Spark、NumPy、Tableau。
数据产品经理,中兴通讯,12,22,龙华区,应届生,硕士,500-999人,通信,负责业务数据的采集与清洗，输出分析报告与数据看板，支撑运营决策。 要求熟练使用 机器学习、数据仓库、Tableau、统计分析。
数据分析实习生,云帆数据,11,17,南山区,5-10年,硕士,100-499人,软件服务,负责业务数据的采集与清洗，输出分析报告与数据看板，支撑运营决策。 要求熟练使用 Tableau、Spark。
数据产品经理,万科集团,10,12,福田区,5-10年,大专,1000-9999人,制造,负责业务数据的采集与清洗，输出分析报告与数据看板，支撑运营决策。 要求熟练使用 Hadoop、Spark、Tableau。
数据产品经理,智联科技,8,20,龙华区,1-3年,本科,20-99人,电子商务,负责业务数据的采集与清洗，输出分析报告与数据看板，支撑运营决策。 要求熟练使用 Hadoop、数据挖掘。
商业分析,中兴通讯,5,9,光明区,5-10年,硕士,100-499人,教育,负责业务数据的采集与清洗，输出分析报告与数据看板，支撑运营决策。 要求熟练使用 Hadoop、ETL、统计分析、Pandas、MySQL。
数据挖掘工程师,智联科技,9,14,宝安区,应届生,大专,1000-9999人,教育,负责业务数据的采集与清洗，输出分析报告与数据看板，支撑运营决策。 要求熟练使用 Python、Spark、数据挖掘、Pandas。
数据分析实习生,云帆数据,11,21,福田区,1-3年,硕士,20-99人,互联网,负责业务数据的采集与清洗，输出分析报告与数据看板，支撑运营决策。 要求熟练使用 Python、可视化、Tableau、数据仓库、ETL。
数据分析实习生,大疆创新,12,19,坪山区,1-3年,本科,100-499人,互联网,负责业务数据的采集与清洗，输出分析报告与数据看板，支撑运营决策。 要求熟练使用 爬虫、机器学习、Pandas、SQL。
商业分析,平安科技,16,29,南山区,1-3年,本科,100-499人,金融,负责业务数据的采集与清洗，输出分析报告与数据看板，支撑运营决策。 要求熟练使用 PowerBI、Pandas、Python、FineBI、Tableau。
数据挖掘工程师,华为技术,8,17,罗湖区,3-5年,本科,1000-9999人,电子商务,负责业务数据的采集与清洗，输出分析报告与数据看板，支撑运营决策。 要求熟练使用 Excel、ETL、统计分析、Tableau。
数据分析实习生,中兴通讯,15,25,南山区,经验不限,本科,20-99人,金融,负责业务数据的采集与清洗，输出分析报告与数据看板，支撑运营决策。 要求熟练使用 数据仓库、SQL、NumPy、Pandas。
BI分析师,大疆创新,12,24,宝安区,1-3年,硕士,1000-9999人,互联网,负责业务数据的采集与清洗，输出分析报告与数据看板，支撑运营决策。 要求熟练使用 ETL、MySQL、机器学习、数据仓库、爬虫。
BI分析师,深蓝信息,10,22,坪山区,3-5年,本科,500-999人,互联网,负责业务数据的采集与清洗，输出分析报告与数据看板，支撑运营决策。 要求熟练使用 A/B测试、Tableau。
数据挖掘工程师,招商银行,7,12,龙岗区,应届生,大专,500-999人,制造,负责业务数据的采集与清洗，输出分析报告与数据看板，支撑运营决策。 要求熟练使用 NumPy、数据挖掘、Spark。
商业分析,华润置地,6,11,光明区,1-3年,硕士,100-499人,制造,负责业务数据的采集与清洗，输出分析报告与数据看板，支撑运营决策。 要求熟练使用 FineBI、数据仓库。
商业分析,平安科技,16,26,龙岗区,1-3年,本科,10000人以上,人工智能,负责业务数据的采集与清洗，输出分析报告与数据看板，支撑运营决策。 要求熟练使用 Pandas、数据仓库。
BI分析师,深蓝信息,7,15,龙华区,3-5年,本科,500-999人,教育,负责业务数据的采集与清洗，输出分析报告与数据看板，支撑运营决策。 要求熟练使用 SQL、Tableau、数据挖掘、统计分析、NumPy。
商业分析,深蓝信息,11,14,龙华区,1-3年,大专,100-499人,电子商务,负责业务数据的采集与清洗，输出分析报告与数据看板，支撑运营决策。 要求熟练使用 Hadoop、Python、Spark、爬虫。
数据产品经理,智联科技,12,22,福田区,5-10年,本科,100-499人,软件服务,负责业务数据的采集与清洗，输出分析报告与数据看板，支撑运营决策。 要求熟练使用 Spark、数据挖掘、可视化、Excel、PowerBI。
商业分析,星辰互联网,15,28,坪山区,3-5年,硕士,100-499人,金融,负责业务数据的采集与清洗，输出分析报告与数据看板，支撑运营决策。 要求熟练使用 Excel、爬虫、Hive。
数据分析师,平安科技,16,27,宝安区,3-5年,本科,20-99人,金融,负责业务数据的采集与清洗，输出分析报告与数据看板，支撑运营决策。 要求熟练使用 A/B测试、SQL。
数据运营,极光智能,7,13,盐田区,1-3年,本科,20-99人,制造,负责业务数据的采集与清洗，输出分析报告与数据看板，支撑运营决策。 要求熟练使用 机器学习、Hadoop。
数据挖掘工程师,中兴通讯,15,24,坪山区,经验不限,本科,1000-9999人,金融,负责业务数据的采集与清洗，输出分析报告与数据看板，支撑运营决策。 要求熟练使用 爬虫、Python。
BI分析师,星辰互联网,13,29,宝安区,3-5年,本科,500-999人,金融,负责业务数据的采集与清洗，输出分析报告与数据看板，支撑运营决策。 要求熟练使用 可视化、Hive、Python、ETL。
数据分析实习生,万科集团,13,28,南山区,经验不限,本科,10000人以上,金融,负责业务数据的采集与清洗，输出分析报告与数据看板，支撑运营决策。 要求熟练使用 可视化、统计分析、Hadoop、A/B测试。
数据产品经理,华润置地,12,18,光明区,1-3年,大专,10000人以上,软件服务,负责业务数据的采集与清洗，输出分析报告与数据看板，支撑运营决策。 要求熟练使用 ETL、爬虫、数据仓库、Pandas。
数据产品经理,比亚迪,14,25,罗湖区,经验不限,本科,1000-9999人,金融,负责业务数据的采集与清洗，输出分析报告与数据看板，支撑运营决策。 要求熟练使用 PowerBI、NumPy、Hive、机器学习。
数据产品经理,比亚迪,10,14,龙岗区,1-3年,本科,10000人以上,制造,负责业务数据的采集与清洗，输出分析报告与数据看板，支撑运营决策。 要求熟练使用 可视化、统计分析、数据仓库、SQL。
数据分析实习生,比亚迪,17,32,宝安区,1-3年,本科,100-499人,人工智能,负责业务数据的采集与清洗，输出分析报告与数据看板，支撑运营决策。 要求熟练使用 Hive、爬虫、Tableau、ETL。
数据产品经理,顺丰速运,12,17,坪山区,3-5年,本科,500-999人,软件服务,负责业务数据的采集与清洗，输出分析报告与数据看板，支撑运营决策。 要求熟练使用 Excel、机器学习、Hadoop、数据仓库。
数据挖掘工程师,深蓝信息,11,19,龙华区,1-3年,本科,100-499人,通信,负责业务数据的采集与清洗，输出分析报告与数据看板，支撑运营决策。 要求熟练使用 MySQL、SQL。
BI分析师,华为技术,11,17,盐田区,3-5年,本科,1000-9999人,医疗健康,负责业务数据的采集与清洗，输出分析报告与数据看板，支撑运营决策。 要求熟练使用 Hive、爬虫、可视化、SQL、NumPy。
商业分析,万科集团,11,20,盐田区,应届生,硕士,20-99人,互联网,负责业务数据的采集与清洗，输出分析报告与数据看板，支撑运营决策。 要求熟练使用 MySQL、Spark。
数据产品经理,腾讯科技,9,16,南山区,1-3年,本科,1000-9999人,电子商务,负责业务数据的采集与清洗，输出分析报告与数据看板，支撑运营决策。 要求熟练使用 MySQL、Excel、NumPy。
商业分析,中兴通讯,11,17,光明区,应届生,本科,1000-9999人,电子商务,负责业务数据的采集与清洗，输出分析报告与数据看板，支撑运营决策。 要求熟练使用 Spark、Hive。
数据产品经理,招商银行,10,23,宝安区,1-3年,本科,20-99人,互联网,负责业务数据的采集与清洗，输出分析报告与数据看板，支撑运营决策。 要求熟练使用 Hive、数据仓库、爬虫、Tableau、Excel。
商业分析,云帆数据,7,11,坪山区,1-3年,本科,1000-9999人,教育,负责业务数据的采集与清洗，输出分析报告与数据看板，支撑运营决策。 要求熟练使用 Spark、MySQL、Hadoop。
商业分析,腾讯科技,10,22,宝安区,经验不限,博士,20-99人,通信,负责业务数据的采集与清洗，输出分析报告与数据看板，支撑运营决策。 要求熟练使用 数据仓库、Hive。
数据产品经理,星辰互联网,12,23,南山区,1-3年,本科,1000-9999人,互联网,负责业务数据的采集与清洗，输出分析报告与数据看板，支撑运营决策。 要求熟练使用 FineBI、SQL。
数据产品经理,华为技术,8,14,光明区,1-3年,大专,100-499人,电子商务,负责业务数据的采集与清洗，输出分析报告与数据看板，支撑运营决策。 要求熟练使用 PowerBI、Python、爬虫。
BI分析师,顺丰速运,12,28,龙岗区,1-3年,硕士,100-499人,金融,负责业务数据的采集与清洗，输出分析报告与数据看板，支撑运营决策。 要求熟练使用 爬虫、Pandas。
BI分析师,招商银行,8,10,罗湖区,3-5年,博士,100-499人,教育,负责业务数据的采集与清洗，输出分析报告与数据看板，支撑运营决策。 要求熟练使用 爬虫、Tableau、SQL、MySQL、PowerBI。
数据分析实习生,腾讯科技,11,16,南山区,1-3年,硕士,1000-9999人,电子商务,负责业务数据的采集与清洗，输出分析报告与数据看板，支撑运营决策。 要求熟练使用 NumPy、Excel、Hive、数据仓库、Pandas。
数据运营,顺丰速运,7,14,盐田区,应届生,硕士,1000-9999人,制造,负责业务数据的采集与清洗，输出分析报告与数据看板，支撑运营决策。 要求熟练使用 Hadoop、Spark、可视化、Pandas。
数据挖掘工程师,平安科技,10,18,龙岗区,经验不限,硕士,10000人以上,互联网,负责业务数据的采集与清洗，输出分析报告与数据看板，支撑运营决策。 要求熟练使用 Excel、Hadoop、Spark、Tableau。
数据运营,极光智能,13,21,光明区,1-3年,本科,100-499人,互联网,负责业务数据的采集与清洗，输出分析报告与数据看板，支撑运营决策。 要求熟练使用 Pandas、NumPy、SQL。
商业分析,深蓝信息,6,10,盐田区,3-5年,本科,20-99人,物流,负责业务数据的采集与清洗，输出分析报告与数据看板，支撑运营决策。 要求熟练使用 Hadoop、Python、NumPy、MySQL、Hive。
数据分析师,华为技术,13,21,罗湖区,1-3年,大专,1000-9999人,互联网,负责业务数据的采集与清洗，输出分析报告与数据看板，支撑运营决策。 要求熟练使用 Spark、Hive、数据仓库。
商业分析,智联科技,12,14,宝安区,1-3年,本科,500-999人,电子商务,负责业务数据的采集与清洗，输出分析报告与数据看板，支撑运营决策。 要求熟练使用 ETL、SQL、Python。
数据挖掘工程师,中兴通讯,9,18,盐田区,3-5年,大专,100-499人,电子商务,负责业务数据的采集与清洗，输出分析报告与数据看板，支撑运营决策。 要求熟练使用 Spark、数据挖掘、SQL。
商业分析,大疆创新,16,28,宝安区,应届生,本科,500-999人,金融,负责业务数据的采集与清洗，输出分析报告与数据看板，支撑运营决策。 要求熟练使用 MySQL、A/B测试。
数据产品经理,腾讯科技,12,21,福田区,1-3年,大专,100-499人,软件服务,负责业务数据的采集与清洗，输出分析报告与数据看板，支撑运营决策。 要求熟练使用 FineBI、爬虫。
数据产品经理,智联科技,10,12,盐田区,5-10年,本科,20-99人,制造,负责业务数据的采集与清洗，输出分析报告与数据看板，支撑运营决策。 要求熟练使用 A/B测试、Spark、ETL。
数据产品经理,智联科技,13,19,龙华区,1-3年,大专,1000-9999人,通信,负责业务数据的采集与清洗，输出分析报告与数据看板，支撑运营决策。 要求熟练使用 Python、Spark、Hadoop。
BI分析师,比亚迪,7,13,福田区,应届生,本科,20-99人,教育,负责业务数据的采集与清洗，输出分析报告与数据看板，支撑运营决策。 要求熟练使用 Pandas、数据挖掘、PowerBI、ETL、FineBI。
商业分析,极光智能,9,12,宝安区,1-3年,大专,100-499人,制造,负责业务数据的采集与清洗，输出分析报告与数据看板，支撑运营决策。 要求熟练使用 A/B测试、FineBI。
商业分析,腾讯科技,12,15,坪山区,1-3年,本科,100-499人,电子商务,负责业务数据的采集与清洗，输出分析报告与数据看板，支撑运营决策。 要求熟练使用 Hive、Tableau、数据仓库、NumPy、Pandas。
数据运营,华润置地,16,27,光明区,1-3年,本科,500-999人,金融,负责业务数据的采集与清洗，输出分析报告与数据看板，支撑运营决策。 要求熟练使用 数据挖掘、统计分析、Spark。
数据分析实习生,平安科技,8,16,光明区,1-3年,硕士,100-499人,物流,负责业务数据的采集与清洗，输出分析报告与数据看板，支撑运营决策。 要求熟练使用 ETL、PowerBI、数据仓库、FineBI。
数据运营,深蓝信息,10,19,龙岗区,5-10年,本科,10000人以上,电子商务,负责业务数据的采集与清洗，输出分析报告与数据看板，支撑运营决策。 要求熟练使用 Pandas、Hadoop、ETL、MySQL。
数据产品经理,深蓝信息,16,31,坪山区,经验不限,硕士,1000-9999人,人工智能,负责业务数据的采集与清洗，输出分析报告与数据看板，支撑运营决策。 要求熟练使用 Python、统计分析。
数据运营,星辰互联网,10,19,龙岗区,5-10年,本科,20-99人,互联网,负责业务数据的采集与清洗，输出分析报告与数据看板，支撑运营决策。 要求熟练使用 爬虫、PowerBI。
数据挖掘工程师,中兴通讯,9,18,福田区,1-3年,本科,500-999人,通信,负责业务数据的采集与清洗，输出分析报告与数据看板，支撑运营决策。 要求熟练使用 ETL、统计分析、机器学习。
数据产品经理,腾讯科技,15,31,光明区,1-3年,硕士,10000人以上,人工智能,负责业务数据的采集与清洗，输出分析报告与数据看板，支撑运营决策。 要求熟练使用 ETL、SQL、Python、数据挖掘。
数据分析实习生,深蓝信息,13,24,龙华区,3-5年,本科,500-999人,互联网,负责业务数据的采集与清洗，输出分析报告与数据看板，支撑运营决策。 要求熟练使用 爬虫、A/B测试、Tableau。
数据分析实习生,云帆数据,5,11,坪山区,应届生,大专,100-499人,物流,负责业务数据的采集与清洗，输出分析报告与数据看板，支撑运营决策。 要求熟练使用 NumPy、Tableau、数据挖掘、Python。
数据分析实习生,深蓝信息,10,16,龙华区,1-3年,本科,500-999人,软件服务,负责业务数据的采集与清洗，输出分析报告与数据看板，支撑运营决策。 要求熟练使用 MySQL、数据仓库、ETL、Hadoop。
数据分析实习生,平安科技,12,22,坪山区,应届生,本科,100-499人,互联网,负责业务数据的采集与清洗，输出分析报告与数据看板，支撑运营决策。 要求熟练使用 Excel、Hadoop、机器学习、PowerBI、Spark。
数据挖掘工程师,万科集团,11,17,坪山区,1-3年,本科,1000-9999人,软件服务,负责业务数据的采集与清洗，输出分析报告与数据看板，支撑运营决策。 要求熟练使用 Pandas、Hadoop。
数据分析实习生,腾讯科技,16,27,龙华区,1-3年,本科,20-99人,金融,负责业务数据的采集与清洗，输出分析报告与数据看板，支撑运营决策。 要求熟练使用 ETL、爬虫、Python、Hive。
数据挖掘工程师,华润置地,7,13,盐田区,1-3年,本科,500-999人,教育,负责业务数据的采集与清洗，输出分析报告与数据看板，支撑运营决策。 要求熟练使用 Hive、Excel、Pandas、Tableau。
数据分析师,智联科技,9,14,福田区,经验不限,本科,20-99人,物流,负责业务数据的采集与清洗，输出分析报告与数据看板，支撑运营决策。 要求熟练使用 Pandas、PowerBI、ETL、可视化、Excel。
商业分析,云帆数据,10,16,龙华区,应届生,大专,20-99人,通信,负责业务数据的采集与清洗，输出分析报告与数据看板，支撑运营决策。 要求熟练使用 ETL、Excel、机器学习、数据挖掘。
商业分析,大疆创新,15,28,龙华区,应届生,本科,100-499人,金融,负责业务数据的采集与清洗，输出分析报告与数据看板，支撑运营决策。 要求熟练使用 数据仓库、SQL。
BI分析师,华为技术,9,18,罗湖区,3-5年,本科,20-99人,通信,负责业务数据的采集与清洗，输出分析报告与数据看板，支撑运营决策。 要求熟练使用 统计分析、FineBI、Python、MySQL、Tableau。
商业分析,星辰互联网,14,31,坪山区,经验不限,本科,100-499人,人工智能,负责业务数据的采集与清洗，输出分析报告与数据看板，支撑运营决策。 要求熟练使用 Python、ETL、数据仓库、NumPy。
BI分析师,大疆创新,10,22,坪山区,1-3年,大专,20-99人,互联网,负责业务数据的采集与清洗，输出分析报告与数据看板，支撑运营决策。 要求熟练使用 PowerBI、可视化、Hive、NumPy。
数据挖掘工程师,顺丰速运,11,22,宝安区,应届生,本科,500-999人,互联网,负责业务数据的采集与清洗，输出分析报告与数据看板，支撑运营决策。 要求熟练使用 ETL、A/B测试。
数据产品经理,华为技术,8,16,罗湖区,应届生,本科,100-499人,电子商务,负责业务数据的采集与清洗，输出分析报告与数据看板，支撑运营决策。 要求熟练使用 Hadoop、NumPy、机器学习、Pandas。
数据运营,中兴通讯,9,17,盐田区,经验不限,本科,500-999人,软件服务,负责业务数据的采集与清洗，输出分析报告与数据看板，支撑运营决策。 要求熟练使用 数据仓库、FineBI、Hadoop。
数据分析师,比亚迪,8,10,宝安区,3-5年,本科,500-999人,教育,负责业务数据的采集与清洗，输出分析报告与数据看板，支撑运营决策。 要求熟练使用 Hadoop、NumPy、Spark、MySQL。
数据运营,中兴通讯,14,29,坪山区,应届生,本科,20-99人,金融,负责业务数据的采集与清洗，输出分析报告与数据看板，支撑运营决策。 要求熟练使用 NumPy、ETL、PowerBI、数据挖掘。
数据分析师,深蓝信息,9,21,南山区,3-5年,本科,1000-9999人,通信,负责业务数据的采集与清洗，输出分析报告与数据看板，支撑运营决策。 要求熟练使用 数据仓库、PowerBI、SQL、数据挖掘、MySQL。
商业分析,招商银行,9,16,罗湖区,应届生,本科,20-99人,电子商务,负责业务数据的采集与清洗，输出分析报告与数据看板，支撑运营决策。 要求熟练使用 Hive、Python、机器学习、Tableau。
数据分析实习生,平安科技,10,19,龙岗区,1-3年,本科,100-499人,通信,负责业务数据的采集与清洗，输出分析报告与数据看板，支撑运营决策。 要求熟练使用 MySQL、机器学习、Excel。
数据产品经理,招商银行,10,16,坪山区,3-5年,本科,100-499人,软件服务,负责业务数据的采集与清洗，输出分析报告与数据看板，支撑运营决策。 要求熟练使用 SQL、FineBI、Spark、Pandas、数据挖掘。
BI分析师,万科集团,9,17,龙岗区,1-3年,本科,500-999人,医疗健康,负责业务数据的采集与清洗，输出分析报告与数据看板，支撑运营决策。 要求熟练使用 Hive、数据挖掘。
商业分析,比亚迪,13,27,龙华区,1-3年,本科,500-999人,金融,负责业务数据的采集与清洗，输出分析报告与数据看板，支撑运营决策。 要求熟练使用 A/B测试、Tableau、机器学习。
数据分析实习生,平安科技,12,19,龙岗区,1-3年,本科,20-99人,互联网,负责业务数据的采集与清洗，输出分析报告与数据看板，支撑运营决策。 要求熟练使用 可视化、Spark、Pandas。
数据分析实习生,万科集团,15,26,龙岗区,1-3年,本科,20-99人,金融,负责业务数据的采集与清洗，输出分析报告与数据看板，支撑运营决策。 要求熟练使用 数据仓库、FineBI、Tableau。
BI分析师,平安科技,14,18,南山区,应届生,硕士,100-499人,互联网,负责业务数据的采集与清洗，输出分析报告与数据看板，支撑运营决策。 要求熟练使用 FineBI、数据仓库、Python、爬虫、Excel。
数据挖掘工程师,中兴通讯,14,21,龙岗区,经验不限,本科,20-99人,互联网,负责业务数据的采集与清洗，输出分析报告与数据看板，支撑运营决策。 要求熟练使用 FineBI、Hive、数据挖掘。
BI分析师,万科集团,12,21,福田区,经验不限,本科,20-99人,互联网,负责业务数据的采集与清洗，输出分析报告与数据看板，支撑运营决策。 要求熟练使用 Hive、FineBI、可视化。
数据分析实习生,中兴通讯,9,9,南山区,3-5年,本科,1000-9999人,教育,负责业务数据的采集与清洗，输出分析报告与数据看板，支撑运营决策。 要求熟练使用 MySQL、NumPy。
数据分析师,深蓝信息,10,17,光明区,1-3年,本科,0-20人,制造,负责业务数据的采集与清洗，输出分析报告与数据看板，支撑运营决策。 要求熟练使用 机器学习、MySQL、统计分析、Hadoop、Pandas。
数据挖掘工程师,招商银行,14,26,福田区,经验不限,硕士,100-499人,金融,负责业务数据的采集与清洗，输出分析报告与数据看板，支撑运营决策。 要求熟练使用 Python、FineBI、Hive。
数据产品经理,招商银行,10,21,龙华区,1-3年,大专,100-499人,互联网,负责业务数据的采集与清洗，输出分析报告与数据看板，支撑运营决策。 要求熟练使用 数据挖掘、ETL、可视化、Hadoop。
数据分析实习生,大疆创新,11,20,坪山区,3-5年,本科,100-499人,电子商务,负责业务数据的采集与清洗，输出分析报告与数据看板，支撑运营决策。 要求熟练使用 数据挖掘、爬虫、Hadoop、统计分析、NumPy。
数据分析实习生,中兴通讯,7,18,龙岗区,应届生,本科,1000-9999人,医疗健康,负责业务数据的采集与清洗，输出分析报告与数据看板，支撑运营决策。 要求熟练使用 Tableau、统计分析。
数据分析师,极光智能,5,16,龙岗区,1-3年,本科,20-99人,物流,负责业务数据的采集与清洗，输出分析报告与数据看板，支撑运营决策。 要求熟练使用 机器学习、Hadoop、Excel、SQL。
数据产品经理,华润置地,12,20,罗湖区,1-3年,本科,10000人以上,通信,负责业务数据的采集与清洗，输出分析报告与数据看板，支撑运营决策。 要求熟练使用 MySQL、A/B测试、Python。
数据分析实习生,腾讯科技,14,20,坪山区,1-3年,本科,20-99人,互联网,负责业务数据的采集与清洗，输出分析报告与数据看板，支撑运营决策。 要求熟练使用 Hadoop、机器学习。
数据运营,星辰互联网,9,14,光明区,1-3年,本科,500-999人,电子商务,负责业务数据的采集与清洗，输出分析报告与数据看板，支撑运营决策。 要求熟练使用 Excel、FineBI。
数据运营,比亚迪,17,30,罗湖区,经验不限,硕士,100-499人,人工智能,负责业务数据的采集与清洗，输出分析报告与数据看板，支撑运营决策。 要求熟练使用 数据仓库、Python、数据挖掘、Tableau、可视化。
BI分析师,顺丰速运,16,23,龙华区,5-10年,硕士,10000人以上,金融,负责业务数据的采集与清洗，输出分析报告与数据看板，支撑运营决策。 要求熟练使用 A/B测试、统计分析、MySQL、机器学习。
商业分析,深蓝信息,12,21,南山区,1-3年,本科,100-499人,通信,负责业务数据的采集与清洗，输出分析报告与数据看板，支撑运营决策。 要求熟练使用 机器学习、Spark、可视化。
数据分析师,云帆数据,9,14,罗湖区,经验不限,大专,500-999人,物流,负责业务数据的采集与清洗，输出分析报告与数据看板，支撑运营决策。 要求熟练使用 Excel、ETL、Tableau、MySQL。
数据运营,平安科技,10,20,宝安区,1-3年,本科,1000-9999人,软件服务,负责业务数据的采集与清洗，输出分析报告与数据看板，支撑运营决策。 要求熟练使用 PowerBI、机器学习、FineBI、数据仓库。
数据挖掘工程师,华为技术,9,14,福田区,3-5年,本科,500-999人,医疗健康,负责业务数据的采集与清洗，输出分析报告与数据看板，支撑运营决策。 要求熟练使用 ETL、SQL。
数据运营,中兴通讯,9,17,罗湖区,1-3年,博士,10000人以上,医疗健康,负责业务数据的采集与清洗，输出分析报告与数据看板，支撑运营决策。 要求熟练使用 统计分析、机器学习、NumPy、SQL。
BI分析师,腾讯科技,16,29,坪山区,经验不限,硕士,1000-9999人,人工智能,负责业务数据的采集与清洗，输出分析报告与数据看板，支撑运营决策。 要求熟练使用 Pandas、Hive、A/B测试、Spark、Python。
BI分析师,华为技术,11,21,龙华区,1-3年,硕士,20-99人,互联网,负责业务数据的采集与清洗，输出分析报告与数据看板，支撑运营决策。 要求熟练使用 机器学习、数据挖掘、MySQL、Spark。
数据分析实习生,大疆创新,12,19,龙华区,1-3年,本科,100-499人,软件服务,负责业务数据的采集与清洗，输出分析报告与数据看板，支撑运营决策。 要求熟练使用 数据仓库、机器学习、Pandas。
商业分析,极光智能,10,20,光明区,应届生,硕士,1000-9999人,通信,负责业务数据的采集与清洗，输出分析报告与数据看板，支撑运营决策。 要求熟练使用 Python、Tableau、可视化、MySQL、NumPy。
数据产品经理,比亚迪,9,14,盐田区,经验不限,本科,500-999人,物流,负责业务数据的采集与清洗，输出分析报告与数据看板，支撑运营决策。 要求熟练使用 Pandas、Tableau、SQL、PowerBI、数据挖掘。
数据产品经理,比亚迪,12,26,罗湖区,1-3年,本科,10000人以上,金融,负责业务数据的采集与清洗，输出分析报告与数据看板，支撑运营决策。 要求熟练使用 Hadoop、Python、可视化、Pandas。
BI分析师,万科集团,13,17,坪山区,应届生,本科,100-499人,软件服务,负责业务数据的采集与清洗，输出分析报告与数据看板，支撑运营决策。 要求熟练使用 A/B测试、Excel、统计分析、爬虫、FineBI。
数据分析实习生,智联科技,9,20,龙华区,1-3年,本科,100-499人,电子商务,负责业务数据的采集与清洗，输出分析报告与数据看板，支撑运营决策。 要求熟练使用 Excel、Tableau。
数据产品经理,顺丰速运,11,18,罗湖区,1-3年,本科,1000-9999人,软件服务,负责业务数据的采集与清洗，输出分析报告与数据看板，支撑运营决策。 要求熟练使用 数据仓库、Hive、A/B测试、可视化。
数据产品经理,招商银行,10,19,罗湖区,5-10年,本科,20-99人,互联网,负责业务数据的采集与清洗，输出分析报告与数据看板，支撑运营决策。 要求熟练使用 统计分析、Pandas、数据仓库。
数据分析师,腾讯科技,13,22,光明区,1-3年,博士,20-99人,互联网,负责业务数据的采集与清洗，输出分析报告与数据看板，支撑运营决策。 要求熟练使用 Excel、统计分析、爬虫。
数据产品经理,平安科技,11,19,龙岗区,1-3年,本科,0-20人,软件服务,负责业务数据的采集与清洗，输出分析报告与数据看板，支撑运营决策。 要求熟练使用 Spark、MySQL、A/B测试、数据挖掘。
BI分析师,平安科技,14,31,盐田区,1-3年,本科,500-999人,人工智能,负责业务数据的采集与清洗，输出分析报告与数据看板，支撑运营决策。 要求熟练使用 Hadoop、MySQL、ETL、机器学习。
数据运营,大疆创新,8,11,罗湖区,应届生,大专,100-499人,教育,负责业务数据的采集与清洗，输出分析报告与数据看板，支撑运营决策。 要求熟练使用 Hadoop、爬虫、MySQL。
商业分析,顺丰速运,16,32,南山区,3-5年,本科,500-999人,人工智能,负责业务数据的采集与清洗，输出分析报告与数据看板，支撑运营决策。 要求熟练使用 ETL、Hadoop。
商业分析,招商银行,14,21,龙岗区,1-3年,本科,1000-9999人,互联网,负责业务数据的采集与清洗，输出分析报告与数据看板，支撑运营决策。 要求熟练使用 数据挖掘、Excel、可视化。
数据挖掘工程师,深蓝信息,12,20,罗湖区,经验不限,本科,1000-9999人,电子商务,负责业务数据的采集与清洗，输出分析报告与数据看板，支撑运营决策。 要求熟练使用 PowerBI、Excel、Tableau、NumPy、爬虫。
商业分析,顺丰速运,13,22,盐田区,应届生,大专,0-20人,互联网,负责业务数据的采集与清洗，输出分析报告与数据看板，支撑运营决策。 要求熟练使用 Tableau、Pandas。
商业分析,云帆数据,10,21,南山区,经验不限,本科,100-499人,软件服务,负责业务数据的采集与清洗，输出分析报告与数据看板，支撑运营决策。 要求熟练使用 可视化、爬虫、MySQL、Hadoop。
数据分析师,极光智能,12,25,龙岗区,应届生,本科,20-99人,金融,负责业务数据的采集与清洗，输出分析报告与数据看板，支撑运营决策。 要求熟练使用 Tableau、PowerBI、数据挖掘、统计分析、Python。
数据挖掘工程师,中兴通讯,11,21,宝安区,1-3年,大专,100-499人,互联网,负责业务数据的采集与清洗，输出分析报告与数据看板，支撑运营决策。 要求熟练使用 Hive、PowerBI。
数据分析实习生,智联科技,14,25,南山区,1-3年,本科,20-99人,金融,负责业务数据的采集与清洗，输出分析报告与数据看板，支撑运营决策。 要求熟练使用 爬虫、PowerBI、Hadoop、SQL、数据仓库。
商业分析,比亚迪,6,15,南山区,应届生,本科,20-99人,物流,负责业务数据的采集与清洗，输出分析报告与数据看板，支撑运营决策。 要求熟练使用 Python、SQL、MySQL。
数据挖掘工程师,华为技术,9,16,宝安区,应届生,大专,500-999人,电子商务,负责业务数据的采集与清洗，输出分析报告与数据看板，支撑运营决策。 要求熟练使用 SQL、Hadoop。
数据分析师,平安科技,12,20,盐田区,经验不限,博士,1000-9999人,电子商务,负责业务数据的采集与清洗，输出分析报告与数据看板，支撑运营决策。 要求熟练使用 A/B测试、PowerBI、Python、统计分析。
数据分析师,中兴通讯,10,18,盐田区,1-3年,本科,100-499人,软件服务,负责业务数据的采集与清洗，输出分析报告与数据看板，支撑运营决策。 要求熟练使用 ETL、Hadoop、Spark。
数据挖掘工程师,万科集团,11,22,坪山区,应届生,本科,100-499人,通信,负责业务数据的采集与清洗，输出分析报告与数据看板，支撑运营决策。 要求熟练使用 ETL、Hadoop、A/B测试、Python。
数据产品经理,平安科技,9,12,南山区,1-3年,本科,500-999人,教育,负责业务数据的采集与清洗，输出分析报告与数据看板，支撑运营决策。 要求熟练使用 Excel、ETL、统计分析、PowerBI。
BI分析师,平安科技,16,32,罗湖区,经验不限,本科,20-99人,人工智能,负责业务数据的采集与清洗，输出分析报告与数据看板，支撑运营决策。 要求熟练使用 SQL、NumPy。
数据分析师,中兴通讯,10,19,宝安区,应届生,本科,1000-9999人,互联网,负责业务数据的采集与清洗，输出分析报告与数据看板，支撑运营决策。 要求熟练使用 Hive、数据仓库、数据挖掘、SQL、Hadoop。
数据分析实习生,智联科技,9,16,盐田区,3-5年,硕士,100-499人,软件服务,负责业务数据的采集与清洗，输出分析报告与数据看板，支撑运营决策。 要求熟练使用 Hadoop、ETL。
数据运营,星辰互联网,12,22,南山区,3-5年,本科,0-20人,通信,负责业务数据的采集与清洗，输出分析报告与数据看板，支撑运营决策。 要求熟练使用 爬虫、Excel。
数据分析师,云帆数据,10,11,宝安区,1-3年,本科,100-499人,制造,负责业务数据的采集与清洗，输出分析报告与数据看板，支撑运营决策。 要求熟练使用 数据仓库、Tableau、ETL。
数据分析师,星辰互联网,12,21,龙华区,1-3年,本科,100-499人,通信,负责业务数据的采集与清洗，输出分析报告与数据看板，支撑运营决策。 要求熟练使用 Tableau、FineBI。
数据产品经理,平安科技,17,28,坪山区,5-10年,本科,100-499人,人工智能,负责业务数据的采集与清洗，输出分析报告与数据看板，支撑运营决策。 要求熟练使用 ETL、Spark、Hadoop、可视化。
数据产品经理,比亚迪,12,22,宝安区,1-3年,本科,1000-9999人,通信,负责业务数据的采集与清洗，输出分析报告与数据看板，支撑运营决策。 要求熟练使用 Hadoop、A/B测试、数据仓库、统计分析。
BI分析师,腾讯科技,10,20,坪山区,应届生,硕士,0-20人,互联网,负责业务数据的采集与清洗，输出分析报告与数据看板，支撑运营决策。 要求熟练使用 PowerBI、Spark、Python。
BI分析师,华润置地,7,13,龙岗区,应届生,本科,20-99人,教育,负责业务数据的采集与清洗，输出分析报告与数据看板，支撑运营决策。 要求熟练使用 Hadoop、数据仓库、机器学习、ETL。
BI分析师,大疆创新,11,16,宝安区,1-3年,本科,1000-9999人,软件服务,负责业务数据的采集与清洗，输出分析报告与数据看板，支撑运营决策。 要求熟练使用 MySQL、数据仓库、Pandas。
数据产品经理,星辰互联网,15,26,光明区,应届生,大专,1000-9999人,人工智能,负责业务数据的采集与清洗，输出分析报告与数据看板，支撑运营决策。 要求熟练使用 可视化、FineBI、Pandas、机器学习。
数据产品经理,星辰互联网,13,16,光明区,应届生,本科,100-499人,通信,负责业务数据的采集与清洗，输出分析报告与数据看板，支撑运营决策。 要求熟练使用 Spark、Hive、机器学习。
数据挖掘工程师,万科集团,13,21,坪山区,应届生,本科,1000-9999人,互联网,负责业务数据的采集与清洗，输出分析报告与数据看板，支撑运营决策。 要求熟练使用 NumPy、Spark、Excel。
商业分析,顺丰速运,12,27,福田区,1-3年,本科,500-999人,金融,负责业务数据的采集与清洗，输出分析报告与数据看板，支撑运营决策。 要求熟练使用 MySQL、ETL、PowerBI。
BI分析师,万科集团,16,24,坪山区,经验不限,大专,1000-9999人,金融,负责业务数据的采集与清洗，输出分析报告与数据看板，支撑运营决策。 要求熟练使用 数据仓库、Excel、Pandas、可视化。
数据运营,比亚迪,14,24,南山区,3-5年,本科,100-499人,金融,负责业务数据的采集与清洗，输出分析报告与数据看板，支撑运营决策。 要求熟练使用 FineBI、NumPy、A/B测试、SQL、机器学习。
数据挖掘工程师,云帆数据,12,19,福田区,应届生,大专,10000人以上,互联网,负责业务数据的采集与清洗，输出分析报告与数据看板，支撑运营决策。 要求熟练使用 爬虫、Python、Spark。
商业分析,中兴通讯,8,16,南山区,经验不限,本科,20-99人,电子商务,负责业务数据的采集与清洗，输出分析报告与数据看板，支撑运营决策。 要求熟练使用 ETL、MySQL、NumPy、Python。
数据运营,平安科技,16,23,南山区,经验不限,本科,500-999人,金融,负责业务数据的采集与清洗，输出分析报告与数据看板，支撑运营决策。 要求熟练使用 A/B测试、Python。
数据挖掘工程师,深蓝信息,12,23,龙华区,3-5年,大专,1000-9999人,互联网,负责业务数据的采集与清洗，输出分析报告与数据看板，支撑运营决策。 要求熟练使用 机器学习、统计分析、Hive、Pandas、Spark。
数据分析师,平安科技,16,27,宝安区,1-3年,本科,10000人以上,金融,负责业务数据的采集与清洗，输出分析报告与数据看板，支撑运营决策。 要求熟练使用 SQL、机器学习。
商业分析,大疆创新,8,13,龙岗区,应届生,本科,100-499人,制造,负责业务数据的采集与清洗，输出分析报告与数据看板，支撑运营决策。 要求熟练使用 机器学习、Hive、数据挖掘、SQL。
数据分析师,华润置地,11,20,罗湖区,经验不限,本科,100-499人,电子商务,负责业务数据的采集与清洗，输出分析报告与数据看板，支撑运营决策。 要求熟练使用 Excel、统计分析、Hive。
数据产品经理,智联科技,9,16,宝安区,1-3年,本科,100-499人,物流,负责业务数据的采集与清洗，输出分析报告与数据看板，支撑运营决策。 要求熟练使用 FineBI、Spark、A/B测试、NumPy。
BI分析师,智联科技,11,22,宝安区,3-5年,本科,1000-9999人,互联网,负责业务数据的采集与清洗，输出分析报告与数据看板，支撑运营决策。 要求熟练使用 可视化、NumPy、Tableau。
数据产品经理,华为技术,13,20,龙岗区,经验不限,硕士,1000-9999人,软件服务,负责业务数据的采集与清洗，输出分析报告与数据看板，支撑运营决策。 要求熟练使用 可视化、FineBI、爬虫、A/B测试。
数据挖掘工程师,招商银行,11,17,福田区,应届生,大专,10000人以上,通信,负责业务数据的采集与清洗，输出分析报告与数据看板，支撑运营决策。 要求熟练使用 FineBI、数据仓库、机器学习、ETL。
数据分析师,云帆数据,9,18,盐田区,应届生,硕士,100-499人,软件服务,负责业务数据的采集与清洗，输出分析报告与数据看板，支撑运营决策。 要求熟练使用 Tableau、统计分析、MySQL、ETL。
数据分析师,大疆创新,11,19,南山区,3-5年,硕士,20-99人,互联网,负责业务数据的采集与清洗，输出分析报告与数据看板，支撑运营决策。 要求熟练使用 PowerBI、Excel、Tableau。
BI分析师,中兴通讯,9,17,龙华区,3-5年,硕士,100-499人,制造,负责业务数据的采集与清洗，输出分析报告与数据看板，支撑运营决策。 要求熟练使用 FineBI、统计分析。
数据产品经理,万科集团,12,20,坪山区,1-3年,硕士,1000-9999人,通信,负责业务数据的采集与清洗，输出分析报告与数据看板，支撑运营决策。 要求熟练使用 A/B测试、FineBI。
BI分析师,华润置地,5,10,光明区,5-10年,大专,100-499人,教育,负责业务数据的采集与清洗，输出分析报告与数据看板，支撑运营决策。 要求熟练使用 PowerBI、爬虫。
数据挖掘工程师,顺丰速运,14,29,盐田区,应届生,本科,10000人以上,金融,负责业务数据的采集与清洗，输出分析报告与数据看板，支撑运营决策。 要求熟练使用 A/B测试、FineBI、Excel。
数据挖掘工程师,万科集团,9,17,坪山区,应届生,本科,100-499人,通信,负责业务数据的采集与清洗，输出分析报告与数据看板，支撑运营决策。 要求熟练使用 A/B测试、数据仓库、PowerBI。
数据运营,云帆数据,7,15,龙岗区,1-3年,大专,20-99人,医疗健康,负责业务数据的采集与清洗，输出分析报告与数据看板，支撑运营决策。 要求熟练使用 Hadoop、Excel、Hive、统计分析、Tableau。
数据挖掘工程师,平安科技,15,23,龙华区,1-3年,本科,20-99人,金融,负责业务数据的采集与清洗，输出分析报告与数据看板，支撑运营决策。 要求熟练使用 Tableau、SQL、可视化。
数据产品经理,平安科技,12,18,福田区,3-5年,硕士,0-20人,软件服务,负责业务数据的采集与清洗，输出分析报告与数据看板，支撑运营决策。 要求熟练使用 Python、A/B测试、MySQL、ETL。
商业分析,招商银行,13,30,宝安区,1-3年,本科,100-499人,人工智能,负责业务数据的采集与清洗，输出分析报告与数据看板，支撑运营决策。 要求熟练使用 FineBI、Python。
BI分析师,智联科技,13,18,坪山区,3-5年,本科,20-99人,软件服务,负责业务数据的采集与清洗，输出分析报告与数据看板，支撑运营决策。 要求熟练使用 Hadoop、SQL。
BI分析师,极光智能,10,23,罗湖区,经验不限,大专,20-99人,互联网,负责业务数据的采集与清洗，输出分析报告与数据看板，支撑运营决策。 要求熟练使用 Tableau、爬虫、ETL。
BI分析师,比亚迪,13,23,南山区,应届生,本科,100-499人,互联网,负责业务数据的采集与清洗，输出分析报告与数据看板，支撑运营决策。 要求熟练使用 Excel、可视化、ETL、FineBI、爬虫。
数据挖掘工程师,顺丰速运,12,28,龙华区,1-3年,本科,500-999人,金融,负责业务数据的采集与清洗，输出分析报告与数据看板，支撑运营决策。 要求熟练使用 Pandas、数据仓库。
商业分析,云帆数据,13,16,罗湖区,1-3年,硕士,100-499人,通信,负责业务数据的采集与清洗，输出分析报告与数据看板，支撑运营决策。 要求熟练使用 NumPy、数据仓库、MySQL、Hive。
数据挖掘工程师,平安科技,12,19,宝安区,1-3年,博士,0-20人,通信,负责业务数据的采集与清洗，输出分析报告与数据看板，支撑运营决策。 要求熟练使用 A/B测试、Pandas。
BI分析师,大疆创新,10,22,光明区,应届生,本科,1000-9999人,通信,负责业务数据的采集与清洗，输出分析报告与数据看板，支撑运营决策。 要求熟练使用 Python、PowerBI、爬虫。
数据运营,华润置地,9,18,坪山区,经验不限,大专,500-999人,软件服务,负责业务数据的采集与清洗，输出分析报告与数据看板，支撑运营决策。 要求熟练使用 统计分析、数据仓库、Python、Tableau。
商业分析,深蓝信息,12,23,盐田区,3-5年,本科,100-499人,互联网,负责业务数据的采集与清洗，输出分析报告与数据看板，支撑运营决策。 要求熟练使用 ETL、Spark、A/B测试、可视化、SQL。
数据产品经理,智联科技,9,17,龙华区,1-3年,大专,500-999人,医疗健康,负责业务数据的采集与清洗，输出分析报告与数据看板，支撑运营决策。 要求熟练使用 Hadoop、Excel、NumPy、数据挖掘。
数据产品经理,华润置地,9,16,龙岗区,1-3年,本科,500-999人,医疗健康,负责业务数据的采集与清洗，输出分析报告与数据看板，支撑运营决策。 要求熟练使用 Spark、SQL、数据挖掘、可视化。
商业分析,极光智能,11,20,罗湖区,经验不限,本科,20-99人,互联网,负责业务数据的采集与清洗，输出分析报告与数据看板，支撑运营决策。 要求熟练使用 PowerBI、Excel。
商业分析,深蓝信息,12,29,坪山区,应届生,本科,100-499人,金融,负责业务数据的采集与清洗，输出分析报告与数据看板，支撑运营决策。 要求熟练使用 Spark、NumPy、Pandas、Hive。
数据产品经理,腾讯科技,9,15,盐田区,1-3年,硕士,20-99人,电子商务,负责业务数据的采集与清洗，输出分析报告与数据看板，支撑运营决策。 要求熟练使用 SQL、Excel、Spark、A/B测试。
数据挖掘工程师,智联科技,7,17,罗湖区,应届生,本科,500-999人,医疗健康,负责业务数据的采集与清洗，输出分析报告与数据看板，支撑运营决策。 要求熟练使用 Spark、PowerBI、数据仓库。
数据挖掘工程师,中兴通讯,13,18,福田区,经验不限,本科,20-99人,软件服务,负责业务数据的采集与清洗，输出分析报告与数据看板，支撑运营决策。 要求熟练使用 PowerBI、ETL。
数据分析实习生,云帆数据,11,18,罗湖区,1-3年,本科,100-499人,软件服务,负责业务数据的采集与清洗，输出分析报告与数据看板，支撑运营决策。 要求熟练使用 ETL、A/B测试、SQL、NumPy。
商业分析,腾讯科技,10,18,福田区,1-3年,本科,500-999人,互联网,负责业务数据的采集与清洗，输出分析报告与数据看板，支撑运营决策。 要求熟练使用 FineBI、Hadoop、爬虫、Spark、PowerBI。
数据挖掘工程师,星辰互联网,13,16,盐田区,1-3年,大专,1000-9999人,通信,负责业务数据的采集与清洗，输出分析报告与数据看板，支撑运营决策。 要求熟练使用 Pandas、A/B测试、爬虫、数据仓库、MySQL。
数据挖掘工程师,深蓝信息,10,17,罗湖区,3-5年,本科,500-999人,软件服务,负责业务数据的采集与清洗，输出分析报告与数据看板，支撑运营决策。 要求熟练使用 Spark、A/B测试、MySQL、Python。
商业分析,中兴通讯,10,20,龙岗区,经验不限,本科,500-999人,互联网,负责业务数据的采集与清洗，输出分析报告与数据看板，支撑运营决策。 要求熟练使用 统计分析、Pandas。
数据运营,华润置地,9,22,盐田区,1-3年,本科,500-999人,软件服务,负责业务数据的采集与清洗，输出分析报告与数据看板，支撑运营决策。 要求熟练使用 MySQL、统计分析、Excel。
数据挖掘工程师,大疆创新,13,19,龙华区,1-3年,本科,500-999人,软件服务,负责业务数据的采集与清洗，输出分析报告与数据看板，支撑运营决策。 要求熟练使用 数据仓库、MySQL。
数据运营,华润置地,14,21,福田区,3-5年,本科,10000人以上,互联网,负责业务数据的采集与清洗，输出分析报告与数据看板，支撑运营决策。 要求熟练使用 FineBI、Pandas。
数据挖掘工程师,大疆创新,12,20,龙华区,1-3年,本科,20-99人,电子商务,负责业务数据的采集与清洗，输出分析报告与数据看板，支撑运营决策。 要求熟练使用 数据仓库、Python、NumPy。
数据运营,大疆创新,11,18,盐田区,应届生,本科,100-499人,电子商务,负责业务数据的采集与清洗，输出分析报告与数据看板，支撑运营决策。 要求熟练使用 可视化、Hadoop、Excel、Python。
数据挖掘工程师,平安科技,12,17,罗湖区,应届生,硕士,10000人以上,电子商务,负责业务数据的采集与清洗，输出分析报告与数据看板，支撑运营决策。 要求熟练使用 ETL、Hadoop。
数据分析师,招商银行,12,24,光明区,1-3年,本科,100-499人,互联网,负责业务数据的采集与清洗，输出分析报告与数据看板，支撑运营决策。 要求熟练使用 统计分析、FineBI、可视化、PowerBI、Tableau。
商业分析,极光智能,13,27,龙华区,3-5年,本科,10000人以上,金融,负责业务数据的采集与清洗，输出分析报告与数据看板，支撑运营决策。 要求熟练使用 NumPy、Python、Excel。
商业分析,智联科技,9,19,光明区,5-10年,大专,20-99人,电子商务,负责业务数据的采集与清洗，输出分析报告与数据看板，支撑运营决策。 要求熟练使用 A/B测试、可视化、Tableau、FineBI、数据仓库。
数据运营,招商银行,16,29,龙岗区,1-3年,大专,100-499人,人工智能,负责业务数据的采集与清洗，输出分析报告与数据看板，支撑运营决策。 要求熟练使用 Hive、数据挖掘、可视化。
数据分析师,腾讯科技,10,13,盐田区,1-3年,大专,100-499人,制造,负责业务数据的采集与清洗，输出分析报告与数据看板，支撑运营决策。 要求熟练使用 NumPy、Hive。
BI分析师,华为技术,7,13,坪山区,3-5年,大专,100-499人,物流,负责业务数据的采集与清洗，输出分析报告与数据看板，支撑运营决策。 要求熟练使用 ETL、数据仓库。
BI分析师,星辰互联网,9,18,南山区,1-3年,本科,100-499人,软件服务,负责业务数据的采集与清洗，输出分析报告与数据看板，支撑运营决策。 要求熟练使用 可视化、Hadoop、爬虫、ETL。
数据运营,云帆数据,14,23,罗湖区,应届生,本科,20-99人,互联网,负责业务数据的采集与清洗，输出分析报告与数据看板，支撑运营决策。 要求熟练使用 爬虫、Python。
BI分析师,华为技术,9,17,罗湖区,经验不限,本科,100-499人,软件服务,负责业务数据的采集与清洗，输出分析报告与数据看板，支撑运营决策。 要求熟练使用 Python、Pandas、Tableau、NumPy。
数据分析实习生,顺丰速运,10,20,宝安区,1-3年,本科,1000-9999人,电子商务,负责业务数据的采集与清洗，输出分析报告与数据看板，支撑运营决策。 要求熟练使用 Excel、NumPy、数据仓库、MySQL。
商业分析,招商银行,12,22,盐田区,1-3年,本科,500-999人,通信,负责业务数据的采集与清洗，输出分析报告与数据看板，支撑运营决策。 要求熟练使用 SQL、数据挖掘、Pandas、FineBI。
数据运营,中兴通讯,13,21,坪山区,经验不限,本科,100-499人,互联网,负责业务数据的采集与清洗，输出分析报告与数据看板，支撑运营决策。 要求熟练使用 NumPy、Hive、可视化、Python。
数据产品经理,比亚迪,12,19,坪山区,1-3年,大专,10000人以上,软件服务,负责业务数据的采集与清洗，输出分析报告与数据看板，支撑运营决策。 要求熟练使用 可视化、数据挖掘、Spark、数据仓库。
数据产品经理,万科集团,9,18,光明区,1-3年,本科,20-99人,软件服务,负责业务数据的采集与清洗，输出分析报告与数据看板，支撑运营决策。 要求熟练使用 Hive、Spark、Tableau。
数据分析师,极光智能,9,21,福田区,应届生,大专,20-99人,软件服务,负责业务数据的采集与清洗，输出分析报告与数据看板，支撑运营决策。 要求熟练使用 Hadoop、机器学习、爬虫、数据挖掘、PowerBI。
数据分析师,万科集团,14,18,宝安区,5-10年,本科,1000-9999人,互联网,负责业务数据的采集与清洗，输出分析报告与数据看板，支撑运营决策。 要求熟练使用 Excel、NumPy。
数据分析实习生,深蓝信息,16,29,福田区,1-3年,本科,100-499人,金融,负责业务数据的采集与清洗，输出分析报告与数据看板，支撑运营决策。 要求熟练使用 A/B测试、数据挖掘。
数据分析实习生,星辰互联网,11,18,福田区,经验不限,大专,100-499人,通信,负责业务数据的采集与清洗，输出分析报告与数据看板，支撑运营决策。 要求熟练使用 数据挖掘、FineBI。
数据分析实习生,万科集团,10,21,光明区,应届生,本科,20-99人,互联网,负责业务数据的采集与清洗，输出分析报告与数据看板，支撑运营决策。 要求熟练使用 PowerBI、Pandas、A/B测试、数据挖掘、数据仓库。
数据产品经理,顺丰速运,10,22,盐田区,应届生,本科,500-999人,互联网,负责业务数据的采集与清洗，输出分析报告与数据看板，支撑运营决策。 要求熟练使用 SQL、统计分析。
BI分析师,腾讯科技,11,19,坪山区,1-3年,本科,100-499人,软件服务,负责业务数据的采集与清洗，输出分析报告与数据看板，支撑运营决策。 要求熟练使用 Excel、ETL、机器学习、Python、统计分析。
BI分析师,华润置地,8,10,龙华区,经验不限,本科,20-99人,物流,负责业务数据的采集与清洗，输出分析报告与数据看板，支撑运营决策。 要求熟练使用 Hadoop、ETL。
数据挖掘工程师,中兴通讯,9,13,罗湖区,1-3年,本科,0-20人,医疗健康,负责业务数据的采集与清洗，输出分析报告与数据看板，支撑运营决策。 要求熟练使用 PowerBI、爬虫、统计分析、Pandas、Hadoop。
数据分析实习生,平安科技,15,28,南山区,应届生,本科,500-999人,金融,负责业务数据的采集与清洗，输出分析报告与数据看板，支撑运营决策。 要求熟练使用 统计分析、Excel、ETL、爬虫、MySQL。
数据分析师,比亚迪,16,26,南山区,经验不限,本科,100-499人,人工智能,负责业务数据的采集与清洗，输出分析报告与数据看板，支撑运营决策。 要求熟练使用 Hive、A/B测试、ETL。
数据分析师,腾讯科技,14,19,龙岗区,1-3年,大专,10000人以上,互联网,负责业务数据的采集与清洗，输出分析报告与数据看板，支撑运营决策。 要求熟练使用 机器学习、NumPy。
数据挖掘工程师,星辰互联网,10,20,福田区,1-3年,本科,500-999人,互联网,负责业务数据的采集与清洗，输出分析报告与数据看板，支撑运营决策。 要求熟练使用 Pandas、MySQL。
数据分析师,星辰互联网,17,27,宝安区,1-3年,硕士,10000人以上,人工智能,负责业务数据的采集与清洗，输出分析报告与数据看板，支撑运营决策。 要求熟练使用 Spark、Pandas、ETL、NumPy、FineBI。
数据分析师,万科集团,8,19,龙岗区,经验不限,大专,20-99人,医疗健康,负责业务数据的采集与清洗，输出分析报告与数据看板，支撑运营决策。 要求熟练使用 Tableau、Hadoop、ETL、FineBI、A/B测试。
数据分析实习生,华为技术,13,16,光明区,3-5年,大专,100-499人,软件服务,负责业务数据的采集与清洗，输出分析报告与数据看板，支撑运营决策。 要求熟练使用 Python、Tableau。
商业分析,云帆数据,10,13,盐田区,1-3年,本科,500-999人,制造,负责业务数据的采集与清洗，输出分析报告与数据看板，支撑运营决策。 要求熟练使用 可视化、机器学习、Tableau、SQL、ETL。
数据产品经理,极光智能,13,16,罗湖区,经验不限,大专,20-99人,通信,负责业务数据的采集与清洗，输出分析报告与数据看板，支撑运营决策。 要求熟练使用 Hive、Pandas。
数据分析实习生,中兴通讯,12,18,宝安区,经验不限,本科,1000-9999人,电子商务,负责业务数据的采集与清洗，输出分析报告与数据看板，支撑运营决策。 要求熟练使用 MySQL、Tableau、数据仓库、SQL、Hive。
商业分析,顺丰速运,10,15,龙华区,1-3年,硕士,100-499人,电子商务,负责业务数据的采集与清洗，输出分析报告与数据看板，支撑运营决策。 要求熟练使用 SQL、ETL。
BI分析师,华为技术,10,21,福田区,3-5年,本科,500-999人,互联网,负责业务数据的采集与清洗，输出分析报告与数据看板，支撑运营决策。 要求熟练使用 可视化、PowerBI、Spark、机器学习。
数据分析师,招商银行,7,10,光明区,3-5年,本科,20-99人,教育,负责业务数据的采集与清洗，输出分析报告与数据看板，支撑运营决策。 要求熟练使用 数据仓库、MySQL、SQL、可视化、NumPy。
数据分析实习生,大疆创新,14,21,龙华区,应届生,本科,500-999人,互联网,负责业务数据的采集与清洗，输出分析报告与数据看板，支撑运营决策。 要求熟练使用 PowerBI、Spark、NumPy、SQL。
数据分析实习生,华为技术,8,16,盐田区,1-3年,本科,100-499人,电子商务,负责业务数据的采集与清洗，输出分析报告与数据看板，支撑运营决策。 要求熟练使用 FineBI、Tableau、数据仓库、机器学习。
数据挖掘工程师,招商银行,14,21,盐田区,3-5年,本科,1000-9999人,互联网,负责业务数据的采集与清洗，输出分析报告与数据看板，支撑运营决策。 要求熟练使用 机器学习、Spark、可视化。
BI分析师,深蓝信息,17,27,南山区,1-3年,大专,10000人以上,人工智能,负责业务数据的采集与清洗，输出分析报告与数据看板，支撑运营决策。 要求熟练使用 可视化、Hive。
商业分析,招商银行,12,26,福田区,1-3年,大专,1000-9999人,金融,负责业务数据的采集与清洗，输出分析报告与数据看板，支撑运营决策。 要求熟练使用 NumPy、Hadoop、爬虫。
商业分析,智联科技,9,16,罗湖区,应届生,本科,500-999人,软件服务,负责业务数据的采集与清洗，输出分析报告与数据看板，支撑运营决策。 要求熟练使用 A/B测试、FineBI。
数据挖掘工程师,极光智能,8,10,龙华区,1-3年,本科,0-20人,教育,负责业务数据的采集与清洗，输出分析报告与数据看板，支撑运营决策。 要求熟练使用 统计分析、Spark。
